"id_usuario","direccion_estacion_origen","direccion_estacion_destino","duracion_recorrido","distancia","dia"
104983,"Acevedo 220 y padilla","Armenia 1525 y Gorriti",753,2723.46936670462,"Miércoles"
4194,"1520 Billinghurst & Mansilla, Lucio Norberto, General","Armenia 1525 y Gorriti",616,1715.9928801573,"Viernes"
162730,"3508 Carcova","Armenia 1525 y Gorriti",351,1073.54493189196,"Martes"
453167,"2939 Cavia","Armenia 1525 y Gorriti",1432,4912.41060213652,"Lunes"
461230,"2875 Moreno","Armenia 1525 y Gorriti",2287,9219.26866138755,"Martes"
499013,"3302 Guardia Vieja & Aguero","Armenia 1525 y Gorriti",1178,4482.21703569935,"Jueves"
162730,"Lavalle & Acuña De Figueroa, Francisco","Armenia 1525 y Gorriti",295,1041.50119499375,"Jueves"
28130,"3051 San Martin De Tours","Armenia 1525 y Gorriti",1037,3344.68635073604,"Jueves"
147903,"Sarandi 1010","México & Lima",918,3364.43670616136,"Miércoles"
440910,"2939 Cavia","Av. Pres. Figueroa Alcorta 2120",535,2151.02994122976,"Sábado"
87265,"Ramos Mejia, Av Dr Jose Maria Vargas& Av. Del Libertador","Av. Pres. Figueroa Alcorta 2120",574,1989.09934124418,"Jueves"
435964,"Ramos Mejia, Av Dr Jose Maria Vargas& Av. Del Libertador","Av. Pres. Figueroa Alcorta 2120",392,1380.92440595695,"Miércoles"
72922,"Av. Pres. Figueroa Alcorta 2120","Av. Pres. Figueroa Alcorta 2120",1658,5658.07035583291,"Lunes"
139050,"Av. Pres. Figueroa Alcorta 2120","Av. Pres. Figueroa Alcorta 2120",1745,5852.53572379265,"Jueves"
375650,"2133 Figueroa Alcorta","Av. Pres. Figueroa Alcorta 2120",1003,3466.65108369941,"Jueves"
456267,"3051 San Martin De Tours","Av. Pres. Figueroa Alcorta 2120",488,1372.08936731331,"Martes"
456267,"3051 San Martin De Tours","Av. Pres. Figueroa Alcorta 2120",637,1858.8730235293,"Lunes"
456267,"3051 San Martin De Tours","Av. Pres. Figueroa Alcorta 2120",605,2384.72064920966,"Jueves"
456267,"3051 San Martin De Tours","Av. Pres. Figueroa Alcorta 2120",679,2478.67591789529,"Martes"
456267,"3051 San Martin De Tours","Av. Pres. Figueroa Alcorta 2120",521,1695.06742832147,"Viernes"
456267,"3051 San Martin De Tours","Av. Pres. Figueroa Alcorta 2120",462,1769.06930681629,"Jueves"
456267,"3051 San Martin De Tours","Av. Pres. Figueroa Alcorta 2120",523,1520.66390998759,"Jueves"
4194,"Santa Fe Av. & Bullrich, Int. Av.","1226 Ecuador & Mansilla, Lucio Norberto, General",788,2945.78475317038,"Martes"
138196,"2000 Vicente Lopez","1226 Ecuador & Mansilla, Lucio Norberto, General",817,2323.5512100933,"Viernes"
198972,"Miller & Monroe","1226 Ecuador & Mansilla, Lucio Norberto, General",2457,10101.3243201451,"Miércoles"
68674,"Guayaquil & Doblas","1226 Ecuador & Mansilla, Lucio Norberto, General",1808,7384.69480322157,"Sábado"
198972,"Av. Del Libertador, 3260","1226 Ecuador & Mansilla, Lucio Norberto, General",1077,3314.66552773394,"Martes"
68674,"141 Jose Maria Moreno","1226 Ecuador & Mansilla, Lucio Norberto, General",2025,7648.4257102129,"Martes"
68674,"141 Jose Maria Moreno","1226 Ecuador & Mansilla, Lucio Norberto, General",2062,6250.42018883008,"Viernes"
68674,"141 Jose Maria Moreno","1226 Ecuador & Mansilla, Lucio Norberto, General",2509,10372.0157341799,"Viernes"
126255,"México & Lima","Moreno & Av Paseo Colon",287,952.400506756385,"Martes"
198972,"Triunvirato Av. & Roosevelt Franklin D. Av.","Moreno & Av Paseo Colon",3715,13104.4013122947,"Domingo"
5625,"Villaflor, Azucena & Dealessi, Pierina","Moreno & Av Paseo Colon",989,2971.19538716442,"Domingo"
75041,"137 Aranguren, Juan F., Dr. & Portugal","Riobamba 1264 & Juncal",1825,6987.00759058637,"Martes"
118813,"2516 Pereyra Lucena","Riobamba 1264 & Juncal",877,2746.60805163569,"Sábado"
17075,"3822 Guemes","Riobamba 1264 & Juncal",942,3359.22454427734,"Viernes"
104983,"Av. Guzman 1100 & Av. Corrientes","Av Guzman 129 & Leiva",266,743.413730690696,"Martes"
545148,"Santa Fe Av. & Dorrego","Av Guzman 129 & Leiva",868,2966.10637607907,"Miércoles"
54366,"Godoy Cruz  3279 y Libertador","Godoy Cruz  3279 y Libertador",2505,7074.67257395426,"Jueves"
118813,"2516 Pereyra Lucena","Godoy Cruz  3279 y Libertador",1199,4298.25514319139,"Martes"
236920,"Salguero, Jeronimo & Mansilla, Lucio Norberto, General","Godoy Cruz  3279 y Libertador",1492,5934.82260911389,"Lunes"
139050,"3508 Carcova","Godoy Cruz  3279 y Libertador",2347,7063.38908086537,"Viernes"
453167,"2939 Cavia","Godoy Cruz  3279 y Libertador",632,2456.89011455203,"Viernes"
562734,"3082 Cabello","Godoy Cruz  3279 y Libertador",1951,7800.04768359326,"Sábado"
83670,"Av. Pres. Figueroa Alcorta 2120","Godoy Cruz  3279 y Libertador",1989,7506.25833670201,"Sábado"
141106,"441 Bulnes & Peron, Juan Domingo, Tte. General","441 Bulnes & Peron, Juan Domingo, Tte. General",1238,3701.13873691492,"Martes"
461230,"Calcena & Avellaneda Av.","2875 Moreno",4219,13361.1317042594,"Sábado"
528274,"383 Blanes, Juan Manuel","2875 Moreno",3846,11535.5467542288,"Lunes"
461230,"3997 TTE. GENERAL JUAN DOMINGO PERON","2875 Moreno",15083,47407.8030902184,"Jueves"
461230,"2875 Moreno","2875 Moreno",1100,3462.20458670157,"Domingo"
139050,"Santa Fe Av. & Bullrich, Int. Av.","Dr Tomas Manuel De  Anchorena &  Jose A. Cabrera",1699,5992.40301394247,"Domingo"
547685,"519 Pasteur","Dr Tomas Manuel De  Anchorena &  Jose A. Cabrera",465,1810.18345108896,"Martes"
547685,"Yerbal 1290","Dr Tomas Manuel De  Anchorena &  Jose A. Cabrera",1569,5160.97412599095,"Viernes"
547685,"Bruno Giordano&Neuquen","Dr Tomas Manuel De  Anchorena &  Jose A. Cabrera",1109,4521.31704655993,"Lunes"
15397,"Dr Tomas Manuel De  Anchorena &  Jose A. Cabrera","Dr Tomas Manuel De  Anchorena &  Jose A. Cabrera",2526,7832.12896971575,"Sábado"
58419,"394 Rawson & Potosi","Dr Tomas Manuel De  Anchorena &  Jose A. Cabrera",946,3189.96621770267,"Jueves"
58419,"394 Rawson & Potosi","Dr Tomas Manuel De  Anchorena &  Jose A. Cabrera",954,2657.24207849125,"Viernes"
368835,"F.J.Santamaria de Oro & Guatemala","Dr Tomas Manuel De  Anchorena &  Jose A. Cabrera",1321,3795.36995811698,"Martes"
185822,"Cerrito 990 y Av. Marcelo T. De Alvear","3302 Guardia Vieja & Aguero",1112,4165.75114193579,"Sábado"
147903,"153 Perdriel","3302 Guardia Vieja & Aguero",1804,6726.4740527116,"Domingo"
192965,"Maza y don Bosco","3302 Guardia Vieja & Aguero",747,2614.49031339143,"Martes"
192965,"Av. Patricias Argentinas & Estivao","3302 Guardia Vieja & Aguero",1566,6375.0860988046,"Lunes"
147903,"1413 Araoz & Gorriti CABA","3302 Guardia Vieja & Aguero",1853,5358.49353185784,"Sábado"
2978,"Uriburu Jose E., Pres. & Paraguay","3302 Guardia Vieja & Aguero",677,2092.57755526859,"Viernes"
191140,"684 Boulogne Sur Mer & Tucuman","3302 Guardia Vieja & Aguero",3388,13479.6763723975,"Domingo"
2978,"684 Boulogne Sur Mer & Tucuman","3302 Guardia Vieja & Aguero",309,1262.89764804436,"Miércoles"
92007,"925 Yatay& Humahuaca","3302 Guardia Vieja & Aguero",951,3025.32594406803,"Domingo"
157976,"Dr Tomas Manuel De  Anchorena &  Jose A. Cabrera","3302 Guardia Vieja & Aguero",1828,5596.67743472253,"Jueves"
499013,"Riobamba 1264 & Juncal","3302 Guardia Vieja & Aguero",1114,3256.23169607069,"Lunes"
138196,"Juncal & Salguero, Jeronimo","Lavalle & Acuña De Figueroa, Francisco",886,2648.25918287711,"Jueves"
325550,"Cevallos, Virrey& Yrigoyen, Hipolito Av.","Cevallos, Virrey& Yrigoyen, Hipolito Av.",2084,7707.24444509122,"Sábado"
3075,"Machaca Guemes 350","Cevallos, Virrey& Yrigoyen, Hipolito Av.",1798,5855.67815846169,"Sábado"
3075,"Machaca Guemes 350","Cevallos, Virrey& Yrigoyen, Hipolito Av.",2143,8512.82819164691,"Lunes"
147903,"Maza y don Bosco","Cevallos, Virrey& Yrigoyen, Hipolito Av.",897,3605.00663731752,"Martes"
106429,"1619 Brandsen","Cevallos, Virrey& Yrigoyen, Hipolito Av.",2101,7781.54703688568,"Jueves"
5625,"3084 Agrelo","Cevallos, Virrey& Yrigoyen, Hipolito Av.",1637,4652.06657855241,"Domingo"
77022,"Peña & Azcuenaga","Cevallos, Virrey& Yrigoyen, Hipolito Av.",1146,4512.40182612091,"Sábado"
17678,"Avenida Juan de Garay 1050","Cevallos, Virrey& Yrigoyen, Hipolito Av.",2222,8536.60461281284,"Sábado"
55708,"Cordoba Av. & Montevideo","Cevallos, Virrey& Yrigoyen, Hipolito Av.",422,1302.41702625386,"Viernes"
7658,"3912 Humahuaca","Cevallos, Virrey& Yrigoyen, Hipolito Av.",1799,6250.29547001468,"Jueves"
204183,"Av. Rivadavia & Del Barco Centenera","Cevallos, Virrey& Yrigoyen, Hipolito Av.",1224,4812.76048405562,"Lunes"
3075,"367 Sanchez De Thompson, Mariquita","Cevallos, Virrey& Yrigoyen, Hipolito Av.",1749,6219.97797149525,"Domingo"
162730,"684 Boulogne Sur Mer & Tucuman","1520 Billinghurst & Mansilla, Lucio Norberto, General",666,2150.15002466971,"Miércoles"
168442,"Guatemala 4773","1520 Billinghurst & Mansilla, Lucio Norberto, General",2215,7661.88634753861,"Sábado"
68674,"141 Jose Maria Moreno","1520 Billinghurst & Mansilla, Lucio Norberto, General",1641,6625.80528927889,"Sábado"
389205,"Suipacha & Viamonte, 709","Reconquista 76 & Cordoba Av.",2935,9419.60441765291,"Viernes"
506924,"Della Paolera 297, Carlos M. & Av. Leandro N. Alem","Reconquista 76 & Cordoba Av.",1595,6259.43950944121,"Lunes"
553979,"Av. Patricias Argentinas & Estivao","Av. Patricias Argentinas & Estivao",328,1070.46403850998,"Domingo"
93324,"Av. Patricias Argentinas & Estivao","Av. Patricias Argentinas & Estivao",340,1373.23037036953,"Miércoles"
92007,"803 José Marmol","Av. Patricias Argentinas & Estivao",951,3054.70647846038,"Martes"
77505,"1785 Espinosa","Av. Patricias Argentinas & Estivao",2805,8794.03139705634,"Miércoles"
31344,"1471 Cucha Cucha","Av. Patricias Argentinas & Estivao",620,1938.57396590627,"Jueves"
273779,"1355 San Martin Av.","Av. Patricias Argentinas & Estivao",912,2745.46678592451,"Miércoles"
18095,"Santa Fe Av. & Bullrich, Int. Av.","Juncal & Salguero, Jeronimo",1059,3828.21301079724,"Lunes"
28130,"Uriburu Jose E., Pres. & Paraguay","Juncal & Salguero, Jeronimo",780,3044.59221490348,"Miércoles"
138196,"3508 Carcova","Juncal & Salguero, Jeronimo",753,2472.61710184199,"Jueves"
138196,"Parana & Juncal","Juncal & Salguero, Jeronimo",1097,4379.54075074845,"Jueves"
138196,"Parana & Juncal","Juncal & Salguero, Jeronimo",1325,4171.66160588547,"Viernes"
138196,"Parana & Juncal","Juncal & Salguero, Jeronimo",1320,4003.20538525314,"Miércoles"
138196,"Parana & Juncal","Juncal & Salguero, Jeronimo",1173,4031.41895777856,"Lunes"
138196,"Parana & Juncal","Juncal & Salguero, Jeronimo",1504,5956.73120637528,"Jueves"
66179,"3050 Ugarteche","Juncal & Salguero, Jeronimo",328,1049.85183610633,"Viernes"
138196,"Zapiola & Dorrego","Juncal & Salguero, Jeronimo",1552,4740.05980752926,"Viernes"
317330,"2000 Vicente Lopez","3082 Cabello",919,3166.41359055486,"Martes"
131827,"3508 Carcova","3082 Cabello",472,1385.91113353614,"Lunes"
506924,"o´higins 1327","3082 Cabello",2047,7853.13955132183,"Sábado"
2978,"Av. Patricias Argentinas & Estivao","141 Jose Maria Moreno",703,2851.88504382936,"Domingo"
75041,"4300 Yrigoyen, Hipolito Av.","141 Jose Maria Moreno",2957,11715.6353250744,"Jueves"
26663,"519 Pasteur","780 Malabia & Loyola",1167,3988.65060231183,"Jueves"
26663,"394 Rawson & Potosi","780 Malabia & Loyola",886,3000.42735776967,"Martes"
138196,"Cordoba Av. & Montevideo","780 Malabia & Loyola",1595,5796.47030472471,"Viernes"
26663,"Ayacucho 595","780 Malabia & Loyola",1210,4472.97168135992,"Lunes"
26663,"Ayacucho 595","780 Malabia & Loyola",1328,4711.10992298151,"Viernes"
85126,"1078 Gurruchaga","780 Malabia & Loyola",865,3571.87661638535,"Lunes"
26663,"561 Uruguay & Av. Tucuman","780 Malabia & Loyola",1869,5846.84056686917,"Miércoles"
26663,"561 Uruguay & Av. Tucuman","780 Malabia & Loyola",1676,5551.00143247594,"Miércoles"
26663,"561 Uruguay & Av. Tucuman","780 Malabia & Loyola",1476,4380.77739004511,"Miércoles"
28130,"3051 San Martin De Tours","Pres. José Evaristo Uriburu 987",1075,3378.35051477466,"Viernes"
6135,"Ing. E. Butty 291","Pres. José Evaristo Uriburu 987",1238,3649.05779012026,"Lunes"
168650,"Guemes 3330 & Coronel Diaz","2300 Diaz, Cnel. Av. & French",961,3564.40417133498,"Domingo"
51766,"Manso Juana & De La Barra, Emma","2300 Diaz, Cnel. Av. & French",1593,5344.15904842608,"Jueves"
499013,"1520 Billinghurst & Mansilla, Lucio Norberto, General","2300 Diaz, Cnel. Av. & French",324,1110.43993451167,"Lunes"
138697,"3302 Guardia Vieja & Aguero","2300 Diaz, Cnel. Av. & French",1469,4612.27790945106,"Martes"
7777,"3082 Cabello","2300 Diaz, Cnel. Av. & French",7087,20597.6299259666,"Lunes"
66179,"3082 Cabello","2300 Diaz, Cnel. Av. & French",3137,11146.8916393086,"Martes"
499013,"Lavalle & Acuña De Figueroa, Francisco","2300 Diaz, Cnel. Av. & French",654,2473.87060159235,"Jueves"
28130,"3051 San Martin De Tours","2300 Diaz, Cnel. Av. & French",365,1481.13471111477,"Domingo"
147903,"3084 Agrelo","Ayacucho 595",969,3383.59374116505,"Jueves"
147903,"2080 Austria","Ayacucho 595",442,1438.27005844408,"Lunes"
7658,"Av. Gaona 2200","3912 Humahuaca",1989,5664.79718080373,"Martes"
155082,"80 Larrea","3912 Humahuaca",933,3080.78033869291,"Viernes"
155082,"80 Larrea","3912 Humahuaca",721,2699.76597761334,"Sábado"
155082,"925 Yatay& Humahuaca","3912 Humahuaca",330,995.604940253543,"Miércoles"
7658,"3912 Humahuaca","3912 Humahuaca",3790,15202.6065897953,"Miércoles"
7658,"3912 Humahuaca","3912 Humahuaca",2940,10188.2806227659,"Domingo"
155082,"Madero, Eduardo Av. & Peron, Juan Domingo, Tte. General","3912 Humahuaca",2010,5859.15569657421,"Lunes"
499013,"Culpina 121","3912 Humahuaca",1696,6626.3116206146,"Jueves"
7658,"Cerrito & Arenales","3912 Humahuaca",1317,4452.72616368602,"Viernes"
204183,"Cevallos, Virrey& Yrigoyen, Hipolito Av.","803 José Marmol",1271,4246.69764101175,"Lunes"
147903,"Marcelo T. de Alvear & Rodriguez Peña","Bartolome Mitre & Av. Puyrredon",1076,3719.36851931193,"Sábado"
198972,"Santa Fe Av. & Bullrich, Int. Av.","Figueroa Alcorta, Pres. Av. & Dorrego Av.",449,1642.50031316284,"Jueves"
4194,"Santa Fe Av. & Bullrich, Int. Av.","Figueroa Alcorta, Pres. Av. & Dorrego Av.",587,1919.3718114027,"Miércoles"
200434,"2000 Vicente Lopez","Figueroa Alcorta, Pres. Av. & Dorrego Av.",1354,5122.4668754006,"Lunes"
137477,"Salguero, Jeronimo & Mansilla, Lucio Norberto, General","Figueroa Alcorta, Pres. Av. & Dorrego Av.",2360,7366.89826680554,"Martes"
175017,"Figueroa Alcorta, Pres. Av. & Dorrego Av.","Figueroa Alcorta, Pres. Av. & Dorrego Av.",694,2033.8956793906,"Domingo"
139050,"1483 Quinteros, Lidoro J. Av.","Figueroa Alcorta, Pres. Av. & Dorrego Av.",1202,4096.80877828376,"Viernes"
198972,"Triunvirato Av. & Roosevelt Franklin D. Av.","Figueroa Alcorta, Pres. Av. & Dorrego Av.",1786,5250.94022030567,"Lunes"
198972,"Triunvirato Av. & Roosevelt Franklin D. Av.","Figueroa Alcorta, Pres. Av. & Dorrego Av.",2105,7624.68439715384,"Jueves"
198972,"Triunvirato Av. & Roosevelt Franklin D. Av.","Figueroa Alcorta, Pres. Av. & Dorrego Av.",2123,6553.70778852925,"Lunes"
198972,"Triunvirato Av. & Roosevelt Franklin D. Av.","Figueroa Alcorta, Pres. Av. & Dorrego Av.",2038,7484.86193204169,"Viernes"
198972,"Triunvirato Av. & Roosevelt Franklin D. Av.","Figueroa Alcorta, Pres. Av. & Dorrego Av.",1985,7643.68640498206,"Jueves"
198972,"Triunvirato Av. & Roosevelt Franklin D. Av.","Figueroa Alcorta, Pres. Av. & Dorrego Av.",1963,6997.75707858531,"Miércoles"
121482,"Av. Pres. Figueroa Alcorta 2120","Figueroa Alcorta, Pres. Av. & Dorrego Av.",762,3159.20098359929,"Lunes"
175017,"F.J.Santamaria de Oro & Guatemala","Figueroa Alcorta, Pres. Av. & Dorrego Av.",1362,4134.76391127915,"Sábado"
51766,"Av. Sarmiento 2601","Maure 1819",757,2956.01750315076,"Martes"
28130,"2939 Cavia","Maure 1819",963,3408.60027621093,"Jueves"
275579,"2300 Diaz, Cnel. Av. & French","Maure 1819",1438,4852.57827614292,"Martes"
453118,"Zapiola & Dorrego","Maure 1819",686,2609.07141692264,"Lunes"
549769,"Sucre, Antonio Jose De, Mcal. Y Vertiz Virrey Av.","Maure 1819",2285,8068.40559512137,"Martes"
598216,"1226 Ecuador & Mansilla, Lucio Norberto, General","Salguero, Jeronimo & Mansilla, Lucio Norberto, General",543,1980.34661262063,"Jueves"
17075,"Salguero, Jeronimo & Mansilla, Lucio Norberto, General","Salguero, Jeronimo & Mansilla, Lucio Norberto, General",322,1086.25338449427,"Viernes"
31344,"Av. Patricias Argentinas & Estivao","Amenabar y Mendoza",1916,7729.57180218719,"Sábado"
121482,"Av. Sarmiento 2601","Amenabar y Mendoza",1461,5930.43911427085,"Viernes"
528383,"GARCIA DEL RIO & PINTO","Amenabar y Mendoza",1662,4748.04595082533,"Martes"
604422,"Fitz Roy & Gorriti","1413 Araoz & Gorriti CABA",559,1849.44149378991,"Jueves"
162730,"3508 Carcova","1413 Araoz & Gorriti CABA",298,959.916583744214,"Sábado"
68674,"608 Doblas & Valle","1413 Araoz & Gorriti CABA",1782,7309.80720553198,"Sábado"
273779,"1355 San Martin Av.","1413 Araoz & Gorriti CABA",2000,5946.24059546428,"Martes"
440910,"Santa Fe Av. & Bullrich, Int. Av.","2939 Cavia",611,1927.29345533201,"Lunes"
28130,"Godoy Cruz  3279 y Libertador","2939 Cavia",432,1359.23098395579,"Jueves"
440910,"2516 Pereyra Lucena","2939 Cavia",515,1991.70154130843,"Sábado"
28130,"Uriburu Jose E., Pres. & Paraguay","2939 Cavia",1478,5169.81998024987,"Viernes"
28130,"Uriburu Jose E., Pres. & Paraguay","2939 Cavia",1091,4471.89977274619,"Jueves"
28130,"Uriburu Jose E., Pres. & Paraguay","2939 Cavia",947,3474.99877263876,"Jueves"
440910,"Av. Sarmiento 2601","2939 Cavia",392,1449.40626349093,"Martes"
28130,"Armenia 1525 y Gorriti","2939 Cavia",1154,3410.50899317876,"Jueves"
440910,"2939 Cavia","2939 Cavia",792,2930.83376812283,"Viernes"
28130,"Juncal & Salguero, Jeronimo","2939 Cavia",2624,9995.16211036179,"Lunes"
28130,"Parana & Juncal","2939 Cavia",3261,9756.56849701675,"Lunes"
440910,"La Pampa 2512 & Ciudad de la Paz","2939 Cavia",2896,8939.38659413511,"Sábado"
28130,"Pres. José Evaristo Uriburu 987","2939 Cavia",1024,3908.89752474096,"Viernes"
28130,"Pres. José Evaristo Uriburu 987","2939 Cavia",922,3465.27324035479,"Miércoles"
28130,"Pres. José Evaristo Uriburu 987","2939 Cavia",996,3562.96216502475,"Miércoles"
28130,"3051 San Martin De Tours","2939 Cavia",3138,11618.7067783321,"Jueves"
175017,"Santa Fe Av. & Bullrich, Int. Av.","2185 Ravignani, Emilio, Dr. & Guatemala",5373,15017.4880432809,"Domingo"
175017,"3508 Carcova","2185 Ravignani, Emilio, Dr. & Guatemala",1649,6414.71363245283,"Miércoles"
175017,"Figueroa Alcorta, Pres. Av. & Dorrego Av.","2185 Ravignani, Emilio, Dr. & Guatemala",1071,3662.96493462869,"Domingo"
175017,"Santa Fe Av. & Dorrego","2185 Ravignani, Emilio, Dr. & Guatemala",610,2198.66595893594,"Sábado"
54366,"Pres. José Evaristo Uriburu 987","2185 Ravignani, Emilio, Dr. & Guatemala",3159,10279.0636379068,"Domingo"
440910,"2001 Donado","2185 Ravignani, Emilio, Dr. & Guatemala",1010,3919.48085665354,"Miércoles"
175017,"Sucre, Antonio Jose De, Mcal. Y Vertiz Virrey Av.","2185 Ravignani, Emilio, Dr. & Guatemala",1175,4845.91792127402,"Miércoles"
367264,"Ramos Mejia, Av Dr Jose Maria Vargas& Av. Del Libertador","Cerrito 990 y Av. Marcelo T. De Alvear",485,1679.38720240555,"Martes"
168650,"2000 Vicente Lopez","3508 Carcova",1324,5003.9858346999,"Domingo"
499013,"3302 Guardia Vieja & Aguero","3508 Carcova",852,3194.28334853534,"Jueves"
162730,"902 Esmeralda","3508 Carcova",1213,4695.8437319638,"Jueves"
5625,"3084 Agrelo","Maza y don Bosco",619,1739.30662747395,"Lunes"
147903,"Pedro Echague 1878 & Combate De Los Pozos","Maza y don Bosco",1125,3197.43019317684,"Domingo"
147903,"2875 Moreno","Maza y don Bosco",1120,3195.29205131241,"Jueves"
139050,"Dr Tomas Manuel De  Anchorena &  Jose A. Cabrera","Maza y don Bosco",1716,5307.01670843021,"Lunes"
461230,"141 Jose Maria Moreno","Maza y don Bosco",1205,4311.59472861489,"Miércoles"
147903,"Bartolome Mitre & Av. Puyrredon","Maza y don Bosco",252,707.967125496361,"Lunes"
461230,"1078 Gurruchaga","Maza y don Bosco",1920,6479.21362891793,"Martes"
574963,"ESMERALDA 516","Av. Pueyrredon & Av. Rivadavia",1545,5299.29855046794,"Martes"
574963,"Adolfo Alsina& Bernardo De Irigoyen","Av. Pueyrredon & Av. Rivadavia",1076,3237.20925524831,"Jueves"
492943,"Ayacucho &Peron, Juan Domingo, Tte. General","Av. Rivadavia & Del Barco Centenera",2578,8695.90812976304,"Lunes"
204183,"Cevallos, Virrey& Yrigoyen, Hipolito Av.","Av. Rivadavia & Del Barco Centenera",1552,4749.05134714209,"Viernes"
204183,"Bernardo Irigoyen 320","Av. Rivadavia & Del Barco Centenera",1781,5986.32715872437,"Miércoles"
204183,"Pellegrini Y Rivadavia Av.","Av. Rivadavia & Del Barco Centenera",1635,6062.45466323162,"Miércoles"
204183,"Pellegrini Y Rivadavia Av.","Av. Rivadavia & Del Barco Centenera",1927,6951.03645624703,"Miércoles"
204183,"Pellegrini Y Rivadavia Av.","Av. Rivadavia & Del Barco Centenera",1629,5611.85019124532,"Lunes"
204183,"Adolfo Alsina& Bernardo De Irigoyen","Av. Rivadavia & Del Barco Centenera",1458,4768.17201880622,"Lunes"
204183,"Adolfo Alsina& Bernardo De Irigoyen","Av. Rivadavia & Del Barco Centenera",3153,8805.91277965965,"Martes"
10594,"Saenz Peña 938, Roque, Pres. Diagonal Norte Av. & Suipacha","Ayacucho &Peron, Juan Domingo, Tte. General",755,2920.76939043505,"Martes"
17075,"Avenida Martin Garcia y Ruy Díaz de Guzmán","Ayacucho &Peron, Juan Domingo, Tte. General",1349,3793.1653329624,"Domingo"
226727,"Reconquista & Corrientes Av.","Ayacucho &Peron, Juan Domingo, Tte. General",577,2310.58009733485,"Jueves"
55708,"Cordoba Av. & Montevideo","Ayacucho &Peron, Juan Domingo, Tte. General",454,1685.61182481353,"Lunes"
55708,"Cordoba Av. & Montevideo","Ayacucho &Peron, Juan Domingo, Tte. General",468,1796.85181840323,"Martes"
55708,"Cordoba Av. & Montevideo","Ayacucho &Peron, Juan Domingo, Tte. General",455,1548.91519386082,"Lunes"
7658,"3912 Humahuaca","Ayacucho &Peron, Juan Domingo, Tte. General",895,2588.94327973636,"Martes"
11917,"Avenida Martin Garcia, 295","Peru  1016",1382,4608.59943796855,"Miércoles"
11917,"Peru  1016","Peru  1016",1799,5847.64188143729,"Martes"
11917,"Peru  1016","Peru  1016",1781,7403.14686597008,"Viernes"
11917,"Estados Unidos 21","Peru  1016",1594,5930.71954931107,"Viernes"
83670,"902 Esmeralda","Peru  1016",1479,5513.17547329721,"Sábado"
11917,"AZOPARDO 700","Peru  1016",1704,5651.87708623707,"Sábado"
453118,"1590 Lavalle","Zapiola & Dorrego",3116,9627.43520110768,"Jueves"
453118,"Maure 1819","Zapiola & Dorrego",581,1708.44137788194,"Jueves"
138196,"J.Ramirez de Velasco 285","Zapiola & Dorrego",1530,4804.28907266469,"Viernes"
138196,"3050 Ugarteche","Zapiola & Dorrego",2134,7852.59426664302,"Lunes"
542937,"Zapiola & Dorrego","Zapiola & Dorrego",2157,6644.38449127192,"Sábado"
157302,"Guemes 3330 & Coronel Diaz","Fitz Roy & Gorriti",1198,4651.32396033668,"Jueves"
155082,"Fitz Roy & Gorriti","Fitz Roy & Gorriti",325,1039.88961403148,"Sábado"
461230,"Fitz Roy & Gorriti","Fitz Roy & Gorriti",1361,4516.60434034614,"Lunes"
162730,"3508 Carcova","Fitz Roy & Gorriti",834,2626.81174316288,"Viernes"
278659,"Iguazu & Uspallata","Fitz Roy & Gorriti",2502,9487.42976527428,"Sábado"
55708,"Cordoba Av. & Montevideo","Tucuman & 9 De Julio Av.",396,1531.77135266596,"Jueves"
115858,"Av. Del Libertador, 3260","Peña & Azcuenaga",1125,4106.52341925015,"Miércoles"
250579,"Figueroa Alcorta & Sarmiento","Peña & Azcuenaga",1453,4863.58742308932,"Sábado"
31344,"Fitz Roy & Gorriti","Juana De Ibarbourou & Av Patricias Argentinas",1724,6865.66487654345,"Jueves"
23156,"3997 TTE. GENERAL JUAN DOMINGO PERON","Juana De Ibarbourou & Av Patricias Argentinas",672,1965.65710796664,"Jueves"
163372,"Avenida Rivadavia y Fray Cayetano","Juana De Ibarbourou & Av Patricias Argentinas",958,3100.48711354159,"Miércoles"
163372,"Avenida Rivadavia y Fray Cayetano","Juana De Ibarbourou & Av Patricias Argentinas",2144,7876.34842000488,"Martes"
273779,"2300 Diaz, Cnel. Av. & French","Juana De Ibarbourou & Av Patricias Argentinas",2203,7688.50661835847,"Martes"
31344,"Pellegrini Y Rivadavia Av.","Juana De Ibarbourou & Av Patricias Argentinas",1630,5798.18611972344,"Martes"
88613,"2001 Donado","Juana De Ibarbourou & Av Patricias Argentinas",2765,7926.33746338995,"Sábado"
31344,"F.J.Santamaria de Oro & Guatemala","Juana De Ibarbourou & Av Patricias Argentinas",897,3524.95376225367,"Domingo"
92007,"Acevedo 220 y padilla","3568 Estados Unidos & Boedo Av.",1127,3165.19133038754,"Jueves"
31344,"3302 Guardia Vieja & Aguero","Pellegrini Y Rivadavia Av.",1548,5804.42399925087,"Martes"
185822,"3302 Guardia Vieja & Aguero","Pellegrini Y Rivadavia Av.",2059,7894.28613724303,"Sábado"
118813,"2516 Pereyra Lucena","Parana & Juncal",1062,3436.74566436675,"Miércoles"
28130,"2939 Cavia","Parana & Juncal",1160,3409.9397726952,"Viernes"
28130,"2939 Cavia","Parana & Juncal",1112,3465.52417216978,"Lunes"
138196,"Juncal & Salguero, Jeronimo","Parana & Juncal",1122,4366.67772760848,"Sábado"
138196,"3050 Ugarteche","Parana & Juncal",1139,3966.01762592392,"Miércoles"
138196,"3050 Ugarteche","Parana & Juncal",1253,4065.62429971463,"Lunes"
368835,"F.J.Santamaria de Oro & Guatemala","Marcelo T. de Alvear & Rodriguez Peña",1600,4885.13899035752,"Miércoles"
72922,"Marcelo T. de Alvear & Rodriguez Peña","Marcelo T. de Alvear & Rodriguez Peña",1261,3648.12343064793,"Martes"
185822,"Uriburu Jose E., Pres. & Paraguay","519 Pasteur",1541,5627.86525795107,"Domingo"
6065,"Parana & Juncal","Armenia 2315 & Charcas",1799,5079.36342847275,"Miércoles"
316488,"2516 Pereyra Lucena","684 Boulogne Sur Mer & Tucuman",3094,9216.4494366094,"Sábado"
162730,"3508 Carcova","684 Boulogne Sur Mer & Tucuman",309,1146.27384382572,"Sábado"
15397,"Dr Tomas Manuel De  Anchorena &  Jose A. Cabrera","684 Boulogne Sur Mer & Tucuman",2325,8689.32597829068,"Sábado"
15397,"3912 Humahuaca","684 Boulogne Sur Mer & Tucuman",457,1360.70799030131,"Jueves"
528274,"383 Blanes, Juan Manuel","708 Pasco & Chile",2218,9084.83923630427,"Sábado"
528274,"383 Blanes, Juan Manuel","708 Pasco & Chile",1812,7364.361810366,"Domingo"
68674,"Olleros Av. & Del Libertador Av.","Av. Del Libertador, 3260",946,3282.02575172763,"Sábado"
163372,"Olleros Av. & Del Libertador Av.","Av. Del Libertador, 3260",875,3436.48908601608,"Miércoles"
46023,"Fitz Roy & Gorriti","Av. Del Libertador, 3260",1154,4483.57260252233,"Lunes"
346815,"Godoy Cruz  3279 y Libertador","Av. Del Libertador, 3260",4701,15901.942799805,"Jueves"
68674,"Av. Rivadavia & Del Barco Centenera","Av. Del Libertador, 3260",6531,18949.855914029,"Sábado"
92007,"803 José Marmol","925 Yatay& Humahuaca",913,3354.435944953,"Sábado"
147903,"2875 Moreno","925 Yatay& Humahuaca",1261,5123.62574525275,"Viernes"
75041,"Guayaquil & Doblas","925 Yatay& Humahuaca",2298,6674.70946771403,"Lunes"
68674,"Machaca Guemes 350","Machaca Guemes 350",1399,4296.18140920259,"Martes"
530895,"Machaca Guemes 350","Machaca Guemes 350",2528,9519.40755915518,"Viernes"
10338,"383 Blanes, Juan Manuel","Machaca Guemes 350",995,3591.8771264858,"Lunes"
10338,"383 Blanes, Juan Manuel","Machaca Guemes 350",1140,3827.7980494507,"Jueves"
10338,"383 Blanes, Juan Manuel","Machaca Guemes 350",999,2877.6128654019,"Lunes"
10338,"750 Pi Y Margall & Necochea","Machaca Guemes 350",779,3126.71265119538,"Jueves"
10338,"750 Pi Y Margall & Necochea","Machaca Guemes 350",926,3684.5312211475,"Martes"
10338,"750 Pi Y Margall & Necochea","Machaca Guemes 350",1025,3186.51714663752,"Jueves"
10338,"750 Pi Y Margall & Necochea","Machaca Guemes 350",992,2812.95381513321,"Viernes"
10338,"750 Pi Y Margall & Necochea","Machaca Guemes 350",903,3325.70056986394,"Jueves"
10338,"Avenida Martin Garcia, 295","Machaca Guemes 350",981,3343.89868158614,"Jueves"
68674,"Marcelo T. de Alvear & Rodriguez Peña","Machaca Guemes 350",2459,7343.56673854377,"Martes"
168650,"3508 Carcova","o´higins 1327",22429,67472.0217840685,"Domingo"
294396,"Triunvirato Av. & Roosevelt Franklin D. Av.","o´higins 1327",2057,6417.33260763609,"Viernes"
75041,"Ayacucho &Peron, Juan Domingo, Tte. General","4300 Yrigoyen, Hipolito Av.",1423,5885.87765088758,"Lunes"
75041,"2300 Diaz, Cnel. Av. & French","4300 Yrigoyen, Hipolito Av.",2133,6810.42490896361,"Martes"
435964,"Peña & Azcuenaga","Cerrito & Arenales",888,2474.18907061219,"Domingo"
232131,"394 Rawson & Potosi","3024 Calvo, Carlos",1751,7216.20200952004,"Miércoles"
68674,"Balcarce & Yrigoyen, Hipolito Av.","3024 Calvo, Carlos",1689,6001.60696222156,"Martes"
499013,"3302 Guardia Vieja & Aguero","J.Ramirez de Velasco 285",796,2448.64391421563,"Sábado"
465886,"Av. Patricias Argentinas & Estivao","3997 TTE. GENERAL JUAN DOMINGO PERON",738,2401.34520052234,"Viernes"
510835,"Av. Sarmiento 2601","3997 TTE. GENERAL JUAN DOMINGO PERON",1193,4916.61814387416,"Sábado"
15397,"684 Boulogne Sur Mer & Tucuman","3997 TTE. GENERAL JUAN DOMINGO PERON",543,1712.61762015638,"Sábado"
15397,"684 Boulogne Sur Mer & Tucuman","3997 TTE. GENERAL JUAN DOMINGO PERON",693,2868.31760205969,"Sábado"
15397,"684 Boulogne Sur Mer & Tucuman","3997 TTE. GENERAL JUAN DOMINGO PERON",560,2313.64742433652,"Viernes"
58419,"Dr Tomas Manuel De  Anchorena &  Jose A. Cabrera","3997 TTE. GENERAL JUAN DOMINGO PERON",873,2445.67567129852,"Viernes"
440910,"Santa Fe Av. & Bullrich, Int. Av.","3051 San Martin De Tours",947,2778.98619151027,"Jueves"
4194,"Godoy Cruz  3279 y Libertador","3051 San Martin De Tours",416,1344.73123632164,"Viernes"
456267,"2300 Diaz, Cnel. Av. & French","3051 San Martin De Tours",398,1461.03506947014,"Viernes"
456267,"Av. Pres. Figueroa Alcorta 2120","3051 San Martin De Tours",405,1383.33144021453,"Miércoles"
456267,"Av. Pres. Figueroa Alcorta 2120","3051 San Martin De Tours",440,1761.40090093637,"Martes"
456267,"Av. Pres. Figueroa Alcorta 2120","3051 San Martin De Tours",510,1806.74273562424,"Viernes"
456267,"Av. Pres. Figueroa Alcorta 2120","3051 San Martin De Tours",436,1475.81703937483,"Miércoles"
456267,"Av. Pres. Figueroa Alcorta 2120","3051 San Martin De Tours",342,1351.73421773943,"Viernes"
456267,"Av. Pres. Figueroa Alcorta 2120","3051 San Martin De Tours",478,1612.4520901707,"Lunes"
456267,"Av. Pres. Figueroa Alcorta 2120","3051 San Martin De Tours",574,2145.20427410737,"Jueves"
456267,"2133 Figueroa Alcorta","3051 San Martin De Tours",744,2809.0007950319,"Miércoles"
456267,"2133 Figueroa Alcorta","3051 San Martin De Tours",574,1869.9614570198,"Jueves"
456267,"2133 Figueroa Alcorta","3051 San Martin De Tours",465,1793.90226515534,"Sábado"
453118,"ESMERALDA 516","Figueroa Alcorta & Sarmiento",1871,5546.64347455708,"Domingo"
175017,"Av. Sarmiento 2601","Figueroa Alcorta & Sarmiento",1026,3979.28395562922,"Domingo"
477131,"Av. Sarmiento 2601","Figueroa Alcorta & Sarmiento",1776,7162.00095219538,"Jueves"
104983,"2939 Cavia","Figueroa Alcorta & Sarmiento",1811,5123.48682162054,"Martes"
440910,"2939 Cavia","Figueroa Alcorta & Sarmiento",5577,18491.3816951458,"Domingo"
121482,"2519 Conesa","Figueroa Alcorta & Sarmiento",2058,5817.21837212099,"Jueves"
121482,"Figueroa Alcorta & Sarmiento","Figueroa Alcorta & Sarmiento",1635,5092.69503378891,"Sábado"
97749,"Figueroa Alcorta & Sarmiento","Figueroa Alcorta & Sarmiento",1276,5165.55421871728,"Sábado"
538640,"Figueroa Alcorta & Sarmiento","Figueroa Alcorta & Sarmiento",1748,5299.36783413998,"Jueves"
158595,"Figueroa Alcorta & Sarmiento","Figueroa Alcorta & Sarmiento",3254,9900.89587642837,"Miércoles"
310471,"Figueroa Alcorta & Sarmiento","Figueroa Alcorta & Sarmiento",3328,13154.1212248305,"Domingo"
60071,"Av. Pres. Figueroa Alcorta 2120","Figueroa Alcorta & Sarmiento",941,3772.04330363473,"Miércoles"
506924,"1590 Lavalle","1590 Lavalle",2066,6843.62100482103,"Lunes"
453118,"Fitz Roy & Gorriti","1590 Lavalle",1807,6810.98913118702,"Jueves"
118813,"2000 Vicente Lopez","2516 Pereyra Lucena",339,1149.78670023362,"Jueves"
118813,"2000 Vicente Lopez","2516 Pereyra Lucena",1026,3000.63494879287,"Miércoles"
562734,"2516 Pereyra Lucena","2516 Pereyra Lucena",488,1843.36760845811,"Sábado"
138196,"Parana & Juncal","2516 Pereyra Lucena",610,2321.45781206782,"Viernes"
118813,"Figueroa Alcorta, Pres. Av. & Dorrego Av.","2516 Pereyra Lucena",1424,4668.47899483206,"Sábado"
87265,"Ramos Mejia, Av Dr Jose Maria Vargas& Av. Del Libertador","2516 Pereyra Lucena",855,2836.86406517518,"Lunes"
87265,"Ramos Mejia, Av Dr Jose Maria Vargas& Av. Del Libertador","2516 Pereyra Lucena",950,2945.12710734529,"Viernes"
87265,"Ramos Mejia, Av Dr Jose Maria Vargas& Av. Del Libertador","2516 Pereyra Lucena",903,2510.91068443881,"Jueves"
7658,"Av. Pres. Figueroa Alcorta 2120","2516 Pereyra Lucena",3979,15256.1817097694,"Domingo"
147903,"Sarandi 1010","2516 Pereyra Lucena",1767,7305.47136467552,"Lunes"
440910,"3051 San Martin De Tours","2516 Pereyra Lucena",313,1066.99025727576,"Sábado"
11917,"2000 Vicente Lopez","Uriburu Jose E., Pres. & Paraguay",732,2802.11984094543,"Jueves"
421055,"Uriburu Jose E., Pres. & Paraguay","Uriburu Jose E., Pres. & Paraguay",2368,7654.92112603453,"Martes"
28130,"2939 Cavia","Uriburu Jose E., Pres. & Paraguay",1123,3882.02104565442,"Martes"
28130,"2939 Cavia","Uriburu Jose E., Pres. & Paraguay",1086,3474.39131963183,"Lunes"
28130,"2939 Cavia","Uriburu Jose E., Pres. & Paraguay",1139,4534.94070515444,"Jueves"
28130,"2939 Cavia","Uriburu Jose E., Pres. & Paraguay",1069,3610.15830021061,"Miércoles"
28130,"2939 Cavia","Uriburu Jose E., Pres. & Paraguay",1405,4034.36078891456,"Miércoles"
28130,"2939 Cavia","Uriburu Jose E., Pres. & Paraguay",946,3919.82404558868,"Lunes"
28130,"3050 Ugarteche","Uriburu Jose E., Pres. & Paraguay",1055,3063.43973684286,"Jueves"
28130,"3050 Ugarteche","Uriburu Jose E., Pres. & Paraguay",967,3320.82812003985,"Martes"
28130,"3050 Ugarteche","Uriburu Jose E., Pres. & Paraguay",1121,4532.47843228876,"Jueves"
28130,"3050 Ugarteche","Uriburu Jose E., Pres. & Paraguay",945,2776.05739647697,"Martes"
28130,"3051 San Martin De Tours","Uriburu Jose E., Pres. & Paraguay",1704,5690.23499964581,"Martes"
28130,"3051 San Martin De Tours","Uriburu Jose E., Pres. & Paraguay",1101,3245.55524029226,"Viernes"
28130,"3051 San Martin De Tours","Uriburu Jose E., Pres. & Paraguay",1176,3447.57178189854,"Viernes"
167410,"Av. Gaona 2200","Av. Gaona 2200",1548,4809.80649912963,"Lunes"
167410,"2502 Galicia","Av. Gaona 2200",695,2877.88485470325,"Jueves"
465886,"3997 TTE. GENERAL JUAN DOMINGO PERON","Yerbal 1290",1589,6152.97666350897,"Viernes"
398314,"137 Aranguren, Juan F., Dr. & Portugal","Yerbal 1290",875,3618.97898979401,"Martes"
75041,"137 Aranguren, Juan F., Dr. & Portugal","Yerbal 1290",3394,12868.7966167985,"Martes"
373958,"803 José Marmol","Yerbal 1290",698,1998.10109033133,"Lunes"
465886,"1019 Riglos","Yerbal 1290",809,2989.53058681347,"Sábado"
547685,"Delgado & Loreto, Virrey","Yerbal 1290",1720,5603.52365601446,"Jueves"
547685,"4300 Yrigoyen, Hipolito Av.","Yerbal 1290",601,2138.53149659537,"Martes"
177543,"Ayacucho 595","Guemes 3330 & Coronel Diaz",903,2966.3105582149,"Sábado"
26663,"1078 Gurruchaga","Guemes 3330 & Coronel Diaz",1037,3309.67019966467,"Domingo"
25958,"383 Blanes, Juan Manuel","Regimiento De Patricios Av. & Araoz De Lamadrid, Gregorio, Gral.",713,2216.62316643116,"Martes"
528274,"750 Pi Y Margall & Necochea","Regimiento De Patricios Av. & Araoz De Lamadrid, Gregorio, Gral.",2266,9320.4304795667,"Miércoles"
295789,"2939 Cavia","Tronador y Garcia del Rio",2818,9804.47992435139,"Lunes"
338458,"Triunvirato Av. & Roosevelt Franklin D. Av.","Tronador y Garcia del Rio",3165,13082.5560736751,"Martes"
10594,"300 Almafuerte Av. & Los Patos","238 Pichincha",1674,6621.56645045034,"Miércoles"
256717,"153 Perdriel","238 Pichincha",1542,6034.319646998,"Jueves"
55708,"Ayacucho 595","238 Pichincha",657,2422.33075463737,"Jueves"
569489,"1798 Matienzo, Benjamin, Teniente","1798 Matienzo, Benjamin, Teniente",924,3600.21537747622,"Jueves"
569489,"1798 Matienzo, Benjamin, Teniente","1798 Matienzo, Benjamin, Teniente",1254,5114.69947338337,"Sábado"
453118,"1798 Matienzo, Benjamin, Teniente","1798 Matienzo, Benjamin, Teniente",3201,12963.3589537242,"Miércoles"
317330,"Delgado & Loreto, Virrey","1798 Matienzo, Benjamin, Teniente",1173,3541.16037353815,"Miércoles"
569489,"Santa Fe Av. & Dorrego","1798 Matienzo, Benjamin, Teniente",476,1640.28093756513,"Viernes"
453118,"Av. Pres. Figueroa Alcorta 2120","1798 Matienzo, Benjamin, Teniente",1373,4805.32060381439,"Miércoles"
118813,"2516 Pereyra Lucena","2000 Vicente Lopez",1188,4240.49084455473,"Miércoles"
554005,"Andres Lamas&Remedios Escalada de San Martin","1078 Gurruchaga",1844,6902.99059487103,"Viernes"
175017,"2185 Ravignani, Emilio, Dr. & Guatemala","Sucre, Antonio Jose De, Mcal. Y Vertiz Virrey Av.",2287,7869.56443950346,"Miércoles"
175017,"Santa Fe Av. & Bullrich, Int. Av.","Sucre, Antonio Jose De, Mcal. Y Vertiz Virrey Av.",1143,3205.34617953817,"Domingo"
157302,"Salguero, Jeronimo & Mansilla, Lucio Norberto, General","Sucre, Antonio Jose De, Mcal. Y Vertiz Virrey Av.",2354,9270.96581067696,"Sábado"
4194,"Juncal & Salguero, Jeronimo","Sucre, Antonio Jose De, Mcal. Y Vertiz Virrey Av.",1358,4176.43801428623,"Jueves"
175017,"Figueroa Alcorta, Pres. Av. & Dorrego Av.","Sucre, Antonio Jose De, Mcal. Y Vertiz Virrey Av.",2271,7577.71257462543,"Sábado"
249082,"1483 Quinteros, Lidoro J. Av.","Sucre, Antonio Jose De, Mcal. Y Vertiz Virrey Av.",408,1180.37215901228,"Lunes"
506924,"3082 Cabello","Sucre, Antonio Jose De, Mcal. Y Vertiz Virrey Av.",1995,5900.0444203557,"Sábado"
249082,"Miguel Sanchez y Av Libertadores","Sucre, Antonio Jose De, Mcal. Y Vertiz Virrey Av.",696,2110.85387320103,"Lunes"
249082,"Miguel Sanchez y Av Libertadores","Sucre, Antonio Jose De, Mcal. Y Vertiz Virrey Av.",690,2510.59439691987,"Miércoles"
249082,"Miguel Sanchez y Av Libertadores","Sucre, Antonio Jose De, Mcal. Y Vertiz Virrey Av.",640,2521.79476846423,"Miércoles"
249082,"Miguel Sanchez y Av Libertadores","Sucre, Antonio Jose De, Mcal. Y Vertiz Virrey Av.",702,2817.07679257379,"Miércoles"
121482,"1399 Moldes","Sucre, Antonio Jose De, Mcal. Y Vertiz Virrey Av.",916,2593.63528441431,"Martes"
234153,"1785 Espinosa","2502 Galicia",649,2050.8811872045,"Miércoles"
461230,"Avenida Rivadavia y Fray Cayetano","2502 Galicia",3870,15311.185615923,"Sábado"
60071,"Uriburu Jose E., Pres. & Paraguay","561 Uruguay & Av. Tucuman",994,3119.6460272787,"Jueves"
55708,"Cordoba Av. & Montevideo","561 Uruguay & Av. Tucuman",346,1293.72492673057,"Martes"
214513,"Bernardo Irigoyen 320","Suipacha & Viamonte, 709",689,2488.53337802025,"Lunes"
349857,"Armenia 2315 & Charcas","Acevedo 220 y padilla",952,2870.22214313038,"Viernes"
349857,"Armenia 2315 & Charcas","Acevedo 220 y padilla",697,2629.32239520596,"Jueves"
349857,"Armenia 2315 & Charcas","Acevedo 220 y padilla",711,2820.78939415514,"Viernes"
349857,"Armenia 2315 & Charcas","Acevedo 220 y padilla",918,2854.25808113068,"Viernes"
75041,"Juana De Ibarbourou & Av Patricias Argentinas","Acevedo 220 y padilla",464,1852.93214132802,"Viernes"
85126,"3302 Guardia Vieja & Aguero","Acevedo 220 y padilla",1364,4990.02868067991,"Lunes"
192965,"441 Bulnes & Peron, Juan Domingo, Tte. General","Acevedo 220 y padilla",1970,6865.44279042088,"Viernes"
92007,"3568 Estados Unidos & Boedo Av.","Acevedo 220 y padilla",1366,4827.81817070726,"Miércoles"
273779,"1355 San Martin Av.","Acevedo 220 y padilla",542,1556.59005912797,"Martes"
138196,"Parana & Juncal","3822 Guemes",1226,4928.40719772826,"Jueves"
273779,"1355 San Martin Av.","3822 Guemes",1854,5854.63775532553,"Sábado"
232196,"Cerrito & Arenales","3822 Guemes",1132,3800.53781748542,"Martes"
4194,"Beruti & Ecuador","Santa Fe Av. & Bullrich, Int. Av.",532,2063.94438161644,"Lunes"
60071,"2292 Montañeses","Santa Fe Av. & Bullrich, Int. Av.",1193,4256.84178868768,"Jueves"
60071,"2292 Montañeses","Santa Fe Av. & Bullrich, Int. Av.",1032,2920.0727092335,"Sábado"
60071,"Suipacha & Viamonte, 709","Santa Fe Av. & Bullrich, Int. Av.",1657,6315.90934107274,"Martes"
373958,"Calcena & Avellaneda Av.","Santa Fe Av. & Bullrich, Int. Av.",1397,5487.99470056353,"Miércoles"
373958,"Calcena & Avellaneda Av.","Santa Fe Av. & Bullrich, Int. Av.",1291,5309.69540793772,"Martes"
373958,"Calcena & Avellaneda Av.","Santa Fe Av. & Bullrich, Int. Av.",1358,5023.46665221525,"Lunes"
373958,"Calcena & Avellaneda Av.","Santa Fe Av. & Bullrich, Int. Av.",1356,4127.0356019532,"Miércoles"
373958,"Calcena & Avellaneda Av.","Santa Fe Av. & Bullrich, Int. Av.",1413,4912.53846492909,"Lunes"
373958,"Calcena & Avellaneda Av.","Santa Fe Av. & Bullrich, Int. Av.",1343,4482.50222572371,"Lunes"
373958,"Calcena & Avellaneda Av.","Santa Fe Av. & Bullrich, Int. Av.",1438,4941.65134680225,"Jueves"
373958,"Calcena & Avellaneda Av.","Santa Fe Av. & Bullrich, Int. Av.",1422,5707.29042966268,"Jueves"
373958,"Calcena & Avellaneda Av.","Santa Fe Av. & Bullrich, Int. Av.",1428,4986.58090674629,"Martes"
373958,"Calcena & Avellaneda Av.","Santa Fe Av. & Bullrich, Int. Av.",1465,5825.69382729707,"Viernes"
373958,"Calcena & Avellaneda Av.","Santa Fe Av. & Bullrich, Int. Av.",1464,5110.2464939778,"Jueves"
373958,"Calcena & Avellaneda Av.","Santa Fe Av. & Bullrich, Int. Av.",1573,5569.00205306786,"Viernes"
373958,"Calcena & Avellaneda Av.","Santa Fe Av. & Bullrich, Int. Av.",1482,4815.32666839388,"Miércoles"
373958,"Calcena & Avellaneda Av.","Santa Fe Av. & Bullrich, Int. Av.",1384,5417.40298877315,"Lunes"
373958,"Calcena & Avellaneda Av.","Santa Fe Av. & Bullrich, Int. Av.",1609,6189.16468164243,"Viernes"
83670,"Olleros Av. & Del Libertador Av.","Santa Fe Av. & Bullrich, Int. Av.",869,3533.06427003926,"Sábado"
68674,"1413 Araoz & Gorriti CABA","Santa Fe Av. & Bullrich, Int. Av.",1983,7216.59541808185,"Sábado"
147903,"3084 Agrelo","Santa Fe Av. & Bullrich, Int. Av.",1353,4007.2636751167,"Miércoles"
147903,"3084 Agrelo","Santa Fe Av. & Bullrich, Int. Av.",1501,4199.18620153136,"Martes"
147903,"3084 Agrelo","Santa Fe Av. & Bullrich, Int. Av.",1168,4338.77779940247,"Lunes"
147903,"3084 Agrelo","Santa Fe Av. & Bullrich, Int. Av.",1615,5738.21126692282,"Martes"
147903,"3084 Agrelo","Santa Fe Av. & Bullrich, Int. Av.",1531,4617.05733792527,"Sábado"
373958,"Av. Gaona 2200","Santa Fe Av. & Bullrich, Int. Av.",1116,3765.66247493029,"Jueves"
175017,"1785 Espinosa","Santa Fe Av. & Bullrich, Int. Av.",1214,3588.96914587628,"Domingo"
440910,"2939 Cavia","Santa Fe Av. & Bullrich, Int. Av.",570,2245.90665641396,"Lunes"
440910,"2939 Cavia","Santa Fe Av. & Bullrich, Int. Av.",560,1856.99054081407,"Miércoles"
4194,"Arenales y Aguero","Santa Fe Av. & Bullrich, Int. Av.",537,2232.44247486,"Jueves"
4194,"Arenales y Aguero","Santa Fe Av. & Bullrich, Int. Av.",616,2163.87135293076,"Miércoles"
4194,"Arenales y Aguero","Santa Fe Av. & Bullrich, Int. Av.",522,2026.6659852583,"Martes"
4194,"Arenales y Aguero","Santa Fe Av. & Bullrich, Int. Av.",534,2082.49537513281,"Martes"
4194,"Arenales y Aguero","Santa Fe Av. & Bullrich, Int. Av.",545,1807.73056290733,"Jueves"
4194,"Arenales y Aguero","Santa Fe Av. & Bullrich, Int. Av.",525,1729.39620802936,"Lunes"
373958,"Yerbal 1290","Santa Fe Av. & Bullrich, Int. Av.",1381,4427.2693184932,"Martes"
373958,"Yerbal 1290","Santa Fe Av. & Bullrich, Int. Av.",1500,4453.79263692303,"Viernes"
373958,"Yerbal 1290","Santa Fe Av. & Bullrich, Int. Av.",1778,6179.03808346471,"Jueves"
4194,"2300 Diaz, Cnel. Av. & French","Santa Fe Av. & Bullrich, Int. Av.",499,1475.29871067996,"Jueves"
198972,"Figueroa Alcorta, Pres. Av. & Dorrego Av.","Santa Fe Av. & Bullrich, Int. Av.",541,1746.62854543777,"Lunes"
31344,"Juana De Ibarbourou & Av Patricias Argentinas","Santa Fe Av. & Bullrich, Int. Av.",1191,3422.30669853258,"Jueves"
60071,"1483 Quinteros, Lidoro J. Av.","Santa Fe Av. & Bullrich, Int. Av.",1319,4732.04116934956,"Lunes"
60071,"1483 Quinteros, Lidoro J. Av.","Santa Fe Av. & Bullrich, Int. Av.",1340,4807.33766460455,"Martes"
60071,"1981 Vidal","Santa Fe Av. & Bullrich, Int. Av.",1626,4969.42345874656,"Jueves"
60071,"1350 Posadas","Santa Fe Av. & Bullrich, Int. Av.",1595,6038.06672884093,"Martes"
60071,"Marcelo T. de Alvear & Rodriguez Peña","Santa Fe Av. & Bullrich, Int. Av.",1804,5021.55119657077,"Jueves"
175017,"Sucre, Antonio Jose De, Mcal. Y Vertiz Virrey Av.","Santa Fe Av. & Bullrich, Int. Av.",1469,4567.98677329045,"Domingo"
147903,"3084 Agrelo","Urquiza, Gral. & Rondeau",1555,5236.27863464288,"Viernes"
60952,"Urquiza, Gral. & Rondeau","Urquiza, Gral. & Rondeau",711,2905.48714983161,"Lunes"
525928,"Armenia 2315 & Charcas","F.J.Santamaria de Oro & Guatemala",798,2779.35685522777,"Domingo"
525952,"Salguero, Jeronimo & Mansilla, Lucio Norberto, General","F.J.Santamaria de Oro & Guatemala",1779,5154.47458258617,"Domingo"
498620,"F.J.Santamaria de Oro & Guatemala","F.J.Santamaria de Oro & Guatemala",6056,24783.104314699,"Lunes"
138196,"Peña & Azcuenaga","Santa Fe Av. & Dorrego",1624,6579.99416193925,"Lunes"
175017,"Sucre, Antonio Jose De, Mcal. Y Vertiz Virrey Av.","Santa Fe Av. & Dorrego",1368,4536.8490671739,"Sábado"
147903,"3084 Agrelo","Av. Sarmiento 2601",1136,3779.67092621968,"Viernes"
76454,"Av. Sarmiento 2601","Av. Sarmiento 2601",2610,7455.24589781417,"Domingo"
142421,"3051 San Martin De Tours","Av. Sarmiento 2601",684,2186.04630328482,"Lunes"
256717,"141 Jose Maria Moreno","153 Perdriel",2831,8869.89647840383,"Sábado"
256717,"Marcelo T. de Alvear & Rodriguez Peña","153 Perdriel",1627,6040.88249581627,"Jueves"
68674,"1226 Ecuador & Mansilla, Lucio Norberto, General","Guayaquil & Doblas",1909,7456.97726928661,"Martes"
68674,"1226 Ecuador & Mansilla, Lucio Norberto, General","Guayaquil & Doblas",1935,5749.6323971136,"Viernes"
68674,"1226 Ecuador & Mansilla, Lucio Norberto, General","Guayaquil & Doblas",1919,5850.30838862941,"Viernes"
68674,"1520 Billinghurst & Mansilla, Lucio Norberto, General","Guayaquil & Doblas",1760,6207.1403568714,"Sábado"
68674,"1413 Araoz & Gorriti CABA","Guayaquil & Doblas",2199,8628.14303492099,"Sábado"
68674,"2516 Pereyra Lucena","Guayaquil & Doblas",4611,18920.7479201325,"Domingo"
68674,"Av. Del Libertador, 3260","Guayaquil & Doblas",3335,9843.07565394394,"Sábado"
31344,"Juana De Ibarbourou & Av Patricias Argentinas","Estados Unidos & Lima",2131,7564.48819663363,"Domingo"
387110,"Av. Guzman 1100 & Av. Corrientes","Delgado & Loreto, Virrey",602,2191.23820573699,"Miércoles"
124815,"925 Yatay& Humahuaca","Delgado & Loreto, Virrey",1439,5875.03234118016,"Miércoles"
17075,"3822 Guemes","Delgado & Loreto, Virrey",1681,6790.15606985421,"Miércoles"
287525,"1540 Garcia, Juan Agustin","Delgado & Loreto, Virrey",1005,2870.33139529619,"Viernes"
287525,"1540 Garcia, Juan Agustin","Delgado & Loreto, Virrey",858,3472.6655385845,"Jueves"
287525,"1540 Garcia, Juan Agustin","Delgado & Loreto, Virrey",1055,3672.71633033751,"Viernes"
287525,"1540 Garcia, Juan Agustin","Delgado & Loreto, Virrey",963,3384.78618266527,"Jueves"
134483,"1226 Ecuador & Mansilla, Lucio Norberto, General","Olleros Av. & Del Libertador Av.",1564,5625.22769303889,"Miércoles"
295930,"Olleros Av. & Del Libertador Av.","Olleros Av. & Del Libertador Av.",1958,5535.04089288763,"Domingo"
264628,"Olleros Av. & Del Libertador Av.","Olleros Av. & Del Libertador Av.",3999,11263.4630477822,"Miércoles"
317330,"2939 Cavia","Olleros Av. & Del Libertador Av.",704,2846.48258011374,"Jueves"
138196,"Figueroa Alcorta, Pres. Av. & Dorrego Av.","Olleros Av. & Del Libertador Av.",796,2882.23056043369,"Viernes"
249082,"1483 Quinteros, Lidoro J. Av.","Olleros Av. & Del Libertador Av.",1020,4209.47636165268,"Lunes"
163372,"3050 Ugarteche","Olleros Av. & Del Libertador Av.",928,2831.46886193297,"Miércoles"
51766,"Miguel Sanchez y Av Libertadores","Olleros Av. & Del Libertador Av.",1416,5853.90069979088,"Domingo"
121482,"La Pampa 2512 & Ciudad de la Paz","Olleros Av. & Del Libertador Av.",693,2602.73376535042,"Sábado"
251167,"Triunvirato Av. & Roosevelt Franklin D. Av.","Olleros Av. & Del Libertador Av.",2148,8932.69755946239,"Sábado"
251167,"Triunvirato Av. & Roosevelt Franklin D. Av.","Olleros Av. & Del Libertador Av.",2359,7975.05947892561,"Domingo"
352014,"1981 Vidal","Olleros Av. & Del Libertador Av.",1743,6053.44095996794,"Jueves"
60071,"367 Sanchez De Thompson, Mariquita","Olleros Av. & Del Libertador Av.",4498,17246.8737792579,"Domingo"
87265,"2516 Pereyra Lucena","Ramos Mejia, Av Dr Jose Maria Vargas& Av. Del Libertador",915,3057.45492683006,"Martes"
87265,"2516 Pereyra Lucena","Ramos Mejia, Av Dr Jose Maria Vargas& Av. Del Libertador",912,2988.89746675268,"Jueves"
87265,"2516 Pereyra Lucena","Ramos Mejia, Av Dr Jose Maria Vargas& Av. Del Libertador",893,3518.42073340312,"Viernes"
87265,"2516 Pereyra Lucena","Ramos Mejia, Av Dr Jose Maria Vargas& Av. Del Libertador",993,3490.55665860069,"Jueves"
87265,"2516 Pereyra Lucena","Ramos Mejia, Av Dr Jose Maria Vargas& Av. Del Libertador",1004,2887.84764074824,"Jueves"
87265,"2516 Pereyra Lucena","Ramos Mejia, Av Dr Jose Maria Vargas& Av. Del Libertador",1046,2947.63892791751,"Martes"
87265,"2516 Pereyra Lucena","Ramos Mejia, Av Dr Jose Maria Vargas& Av. Del Libertador",1038,3572.37264199842,"Viernes"
273779,"519 Pasteur","1355 San Martin Av.",2016,7944.22824801877,"Jueves"
273779,"Av. Patricias Argentinas & Estivao","1355 San Martin Av.",4420,15359.4824442278,"Domingo"
440910,"2516 Pereyra Lucena","1355 San Martin Av.",1364,4684.42941523649,"Miércoles"
26056,"Armenia 1525 y Gorriti","1355 San Martin Av.",1294,4430.47552383699,"Domingo"
440910,"2939 Cavia","1355 San Martin Av.",1586,4953.62125986269,"Lunes"
440910,"2939 Cavia","1355 San Martin Av.",2119,6936.34901550217,"Martes"
440910,"2939 Cavia","1355 San Martin Av.",1526,4355.2608399335,"Jueves"
440910,"2939 Cavia","1355 San Martin Av.",1783,5783.04283592507,"Lunes"
440910,"2939 Cavia","1355 San Martin Av.",1516,4390.3050830342,"Viernes"
440910,"2939 Cavia","1355 San Martin Av.",1447,4423.9530939528,"Viernes"
273779,"2300 Diaz, Cnel. Av. & French","1355 San Martin Av.",2651,9769.3720199171,"Sábado"
440910,"3050 Ugarteche","1355 San Martin Av.",1428,4325.00249396156,"Lunes"
440910,"Figueroa Alcorta & Sarmiento","1355 San Martin Av.",2192,6555.42038387826,"Viernes"
440910,"Figueroa Alcorta & Sarmiento","1355 San Martin Av.",1891,5364.42382497513,"Miércoles"
440910,"Figueroa Alcorta & Sarmiento","1355 San Martin Av.",1828,5118.72636897541,"Jueves"
440910,"Figueroa Alcorta & Sarmiento","1355 San Martin Av.",1975,7637.45803364145,"Lunes"
273779,"Virasoro, Valentin & Figueroa, D Apolinario, Coronel","1355 San Martin Av.",2319,7823.64984726688,"Sábado"
440910,"3051 San Martin De Tours","1355 San Martin Av.",1756,7305.66215153214,"Jueves"
440910,"3051 San Martin De Tours","1355 San Martin Av.",1818,5748.35237712832,"Jueves"
440910,"3051 San Martin De Tours","1355 San Martin Av.",1625,6366.41575143181,"Martes"
4194,"Godoy Cruz  3279 y Libertador","Arenales y Aguero",674,2702.86220908941,"Sábado"
4194,"Tronador y Garcia del Rio","Arenales y Aguero",1781,7341.89867406773,"Jueves"
147903,"153 Perdriel","Mexico 1652",1020,4154.44652373359,"Miércoles"
591953,"Mexico 1652","Mexico 1652",1585,4814.57692747386,"Martes"
3273,"Machaca Guemes 350","Mexico 1652",1846,5837.12761782808,"Lunes"
591953,"1619 Brandsen","Mexico 1652",1051,4300.79155647577,"Lunes"
591953,"1619 Brandsen","Mexico 1652",1393,5062.92519870977,"Jueves"
591953,"1619 Brandsen","Mexico 1652",1219,4190.60165496194,"Viernes"
591953,"608 Doblas & Valle","Mexico 1652",1163,4651.67346940046,"Lunes"
591953,"3568 Estados Unidos & Boedo Av.","Mexico 1652",943,3268.22345625648,"Viernes"
106429,"Tucuman & 9 De Julio Av.","Mexico 1652",922,3265.99185790207,"Jueves"
591953,"Villaflor, Azucena & Paine, Aime","Mexico 1652",1330,3758.10781951683,"Miércoles"
591953,"Villaflor, Azucena & Paine, Aime","Mexico 1652",1658,6638.65277647209,"Miércoles"
60071,"Santa Fe Av. & Bullrich, Int. Av.","1350 Posadas",1641,5140.70923040563,"Miércoles"
60071,"Santa Fe Av. & Bullrich, Int. Av.","1350 Posadas",1614,5353.44433053009,"Martes"
435964,"Peña & Azcuenaga","1350 Posadas",697,2242.45919279023,"Martes"
408294,"Beruti & Ecuador","3050 Ugarteche",910,2968.55444199496,"Miércoles"
28130,"Uriburu Jose E., Pres. & Paraguay","3050 Ugarteche",1130,4059.84066725553,"Martes"
28130,"Uriburu Jose E., Pres. & Paraguay","3050 Ugarteche",1123,3622.82852075878,"Martes"
406198,"684 Boulogne Sur Mer & Tucuman","3050 Ugarteche",1580,4566.31430433804,"Lunes"
138196,"Parana & Juncal","3050 Ugarteche",1082,4387.61695121648,"Martes"
138196,"Parana & Juncal","3050 Ugarteche",1621,6363.77044417831,"Miércoles"
138196,"Parana & Juncal","3050 Ugarteche",1131,3279.12210861493,"Martes"
138196,"Parana & Juncal","3050 Ugarteche",1168,3616.23368703036,"Lunes"
138196,"Parana & Juncal","3050 Ugarteche",1047,3382.21313206983,"Viernes"
138196,"Parana & Juncal","3050 Ugarteche",1041,3290.99272406796,"Jueves"
138196,"Parana & Juncal","3050 Ugarteche",1255,5021.74647035685,"Miércoles"
138196,"Parana & Juncal","3050 Ugarteche",1242,5068.05612584576,"Jueves"
138196,"Parana & Juncal","3050 Ugarteche",1099,4433.56201190036,"Miércoles"
138196,"Parana & Juncal","3050 Ugarteche",1156,3546.6835419932,"Martes"
138196,"Parana & Juncal","3050 Ugarteche",1076,4088.12055119003,"Lunes"
138196,"Parana & Juncal","3050 Ugarteche",1383,4949.53017727627,"Viernes"
138196,"Parana & Juncal","3050 Ugarteche",1111,3098.70535951761,"Lunes"
138196,"Parana & Juncal","3050 Ugarteche",1238,4266.58212221292,"Viernes"
138196,"Parana & Juncal","3050 Ugarteche",1216,4940.20569454879,"Jueves"
138196,"Parana & Juncal","3050 Ugarteche",1213,3616.91887066603,"Lunes"
275579,"3050 Ugarteche","3050 Ugarteche",419,1261.4366336066,"Lunes"
28130,"Pres. José Evaristo Uriburu 987","3050 Ugarteche",836,2511.35094910084,"Martes"
138196,"Riobamba 1264 & Juncal","3050 Ugarteche",1121,3640.15781169324,"Jueves"
226727,"Ayacucho &Peron, Juan Domingo, Tte. General","ESMERALDA 516",638,2228.01698958437,"Lunes"
72922,"Marcelo T. de Alvear & Rodriguez Peña","ESMERALDA 516",1203,4242.15707404461,"Domingo"
7777,"2000 Vicente Lopez","Guatemala 4773",2068,6852.37030265335,"Viernes"
507735,"Andres Lamas&Remedios Escalada de San Martin","1540 Garcia, Juan Agustin",776,2518.55714136942,"Domingo"
507735,"Andres Lamas&Remedios Escalada de San Martin","1540 Garcia, Juan Agustin",1970,7567.49131481694,"Jueves"
507735,"Andres Lamas&Remedios Escalada de San Martin","1540 Garcia, Juan Agustin",491,1818.98498958876,"Jueves"
507735,"4083 Vallese, Felipe","1540 Garcia, Juan Agustin",1048,4304.8857269731,"Viernes"
507735,"4083 Vallese, Felipe","1540 Garcia, Juan Agustin",1396,5802.08485079929,"Viernes"
507735,"4083 Vallese, Felipe","1540 Garcia, Juan Agustin",1896,6718.58267709613,"Viernes"
294396,"Triunvirato Av. & Roosevelt Franklin D. Av.","1540 Garcia, Juan Agustin",3313,13691.4170002099,"Lunes"
507735,"1540 Garcia, Juan Agustin","1540 Garcia, Juan Agustin",2656,8622.12946251449,"Miércoles"
507735,"1355 San Martin Av.","1540 Garcia, Juan Agustin",691,2531.87069889003,"Sábado"
174796,"Calcena & Avellaneda Av.","Calcena & Avellaneda Av.",1470,4673.98154526018,"Viernes"
174796,"Calcena & Avellaneda Av.","Calcena & Avellaneda Av.",1744,6224.28814837606,"Domingo"
373958,"Santa Fe Av. & Bullrich, Int. Av.","Calcena & Avellaneda Av.",1629,4671.13956352114,"Lunes"
373958,"Santa Fe Av. & Bullrich, Int. Av.","Calcena & Avellaneda Av.",1642,5867.52221136315,"Lunes"
373958,"Santa Fe Av. & Bullrich, Int. Av.","Calcena & Avellaneda Av.",1542,5942.33994409054,"Miércoles"
373958,"Santa Fe Av. & Bullrich, Int. Av.","Calcena & Avellaneda Av.",1526,5955.65255669062,"Lunes"
373958,"Santa Fe Av. & Bullrich, Int. Av.","Calcena & Avellaneda Av.",1506,4489.12908111039,"Lunes"
373958,"Santa Fe Av. & Bullrich, Int. Av.","Calcena & Avellaneda Av.",1457,5088.12533860166,"Viernes"
373958,"Santa Fe Av. & Bullrich, Int. Av.","Calcena & Avellaneda Av.",11069,41577.8683768854,"Lunes"
373958,"Santa Fe Av. & Bullrich, Int. Av.","Calcena & Avellaneda Av.",1501,5473.37922395155,"Jueves"
373958,"Santa Fe Av. & Bullrich, Int. Av.","Calcena & Avellaneda Av.",1723,6407.74873588752,"Miércoles"
373958,"Santa Fe Av. & Bullrich, Int. Av.","Calcena & Avellaneda Av.",1675,4739.72420917966,"Jueves"
373958,"Santa Fe Av. & Bullrich, Int. Av.","Calcena & Avellaneda Av.",1644,6699.55382860886,"Martes"
373958,"Santa Fe Av. & Bullrich, Int. Av.","Calcena & Avellaneda Av.",1586,6230.43645248723,"Lunes"
373958,"Santa Fe Av. & Bullrich, Int. Av.","Calcena & Avellaneda Av.",1534,6219.45338019998,"Jueves"
373958,"Santa Fe Av. & Bullrich, Int. Av.","Calcena & Avellaneda Av.",1593,5767.19913225097,"Lunes"
373958,"Santa Fe Av. & Bullrich, Int. Av.","Calcena & Avellaneda Av.",1583,5949.9744272254,"Viernes"
373958,"Santa Fe Av. & Bullrich, Int. Av.","Calcena & Avellaneda Av.",1455,4189.16365605158,"Jueves"
373958,"Santa Fe Av. & Bullrich, Int. Av.","Calcena & Avellaneda Av.",1388,4042.54433075872,"Miércoles"
373958,"Santa Fe Av. & Bullrich, Int. Av.","Calcena & Avellaneda Av.",1579,5979.7599120583,"Lunes"
373958,"Santa Fe Av. & Bullrich, Int. Av.","Calcena & Avellaneda Av.",1579,5077.03634102978,"Viernes"
373958,"Santa Fe Av. & Bullrich, Int. Av.","Calcena & Avellaneda Av.",1588,5811.38234310137,"Miércoles"
373958,"Santa Fe Av. & Bullrich, Int. Av.","Calcena & Avellaneda Av.",1569,5145.69104345089,"Viernes"
373958,"Santa Fe Av. & Bullrich, Int. Av.","Calcena & Avellaneda Av.",1444,5198.71017414456,"Jueves"
373958,"Godoy Cruz  3279 y Libertador","Calcena & Avellaneda Av.",1768,6814.84532369973,"Miércoles"
373958,"Godoy Cruz  3279 y Libertador","Calcena & Avellaneda Av.",1753,6872.32625651328,"Martes"
373958,"Godoy Cruz  3279 y Libertador","Calcena & Avellaneda Av.",1745,5776.2321325863,"Martes"
373958,"Godoy Cruz  3279 y Libertador","Calcena & Avellaneda Av.",1663,5917.23699437603,"Jueves"
373958,"Godoy Cruz  3279 y Libertador","Calcena & Avellaneda Av.",1832,6627.92003855834,"Viernes"
373958,"Godoy Cruz  3279 y Libertador","Calcena & Avellaneda Av.",1853,6297.2257663803,"Lunes"
373958,"Godoy Cruz  3279 y Libertador","Calcena & Avellaneda Av.",1770,5960.93909686897,"Viernes"
373958,"Godoy Cruz  3279 y Libertador","Calcena & Avellaneda Av.",1715,6242.15336157552,"Jueves"
167410,"Av. Gaona 2200","Calcena & Avellaneda Av.",1155,4373.88322373348,"Miércoles"
538276,"Av. Gaona 2200","Calcena & Avellaneda Av.",2040,8474.31625588797,"Miércoles"
163372,"Virasoro, Valentin & Figueroa, D Apolinario, Coronel","Calcena & Avellaneda Av.",964,3700.55688461677,"Martes"
538276,"Avenida Juan de Garay 1050","Reconquista & Corrientes Av.",956,3294.81699268799,"Lunes"
166459,"Triunvirato Av. & Tronador","Reconquista & Corrientes Av.",2496,10351.2496049826,"Viernes"
168442,"Dr Tomas Manuel De  Anchorena &  Jose A. Cabrera","Reconquista & Corrientes Av.",1472,4600.8942525213,"Viernes"
10594,"Ayacucho &Peron, Juan Domingo, Tte. General","902 Esmeralda",1476,5836.09113638522,"Miércoles"
162730,"1520 Billinghurst & Mansilla, Lucio Norberto, General","902 Esmeralda",1016,4195.75139246881,"Jueves"
433376,"Av. Gaona 2200","902 Esmeralda",2659,7703.14528172926,"Sábado"
163372,"137 Aranguren, Juan F., Dr. & Portugal","Avenida Rivadavia y Fray Cayetano",1181,3931.998376352,"Domingo"
163372,"Av. Sarmiento 2601","Avenida Rivadavia y Fray Cayetano",1791,6765.39783617191,"Sábado"
533771,"Av. Gaona 2200","Avenida Rivadavia y Fray Cayetano",3955,11083.2259061475,"Sábado"
163372,"1019 Riglos","Avenida Rivadavia y Fray Cayetano",1100,3754.36425234915,"Martes"
166363,"1019 Riglos","Avenida Rivadavia y Fray Cayetano",1279,4951.45830572033,"Miércoles"
163372,"3024 Calvo, Carlos","Avenida Rivadavia y Fray Cayetano",3484,12436.9012259982,"Lunes"
163372,"1355 San Martin Av.","Avenida Rivadavia y Fray Cayetano",2134,7595.71576707207,"Jueves"
147903,"3024 Calvo, Carlos","Sarandi 1010",331,973.667853417121,"Lunes"
5771,"Cerrito 990 y Av. Marcelo T. De Alvear","Calle Perú, 718",953,3720.51850069644,"Viernes"
9094,"708 Pasco & Chile","Calle Perú, 718",2121,7359.03894677273,"Lunes"
17678,"Avenida Juan de Garay 1050","Saenz Peña 938, Roque, Pres. Diagonal Norte Av. & Suipacha",2061,7034.69766525959,"Viernes"
574963,"Bartolome Mitre & Av. Puyrredon","Saenz Peña 938, Roque, Pres. Diagonal Norte Av. & Suipacha",1024,3056.44487374359,"Viernes"
92007,"Acevedo 220 y padilla","394 Rawson & Potosi",12977,39957.9539973295,"Domingo"
2978,"3997 TTE. GENERAL JUAN DOMINGO PERON","394 Rawson & Potosi",6366,21331.9978957414,"Lunes"
2978,"3997 TTE. GENERAL JUAN DOMINGO PERON","394 Rawson & Potosi",4411,13133.2969739639,"Domingo"
232131,"Avenida Juan de Garay 1050","394 Rawson & Potosi",2651,9402.43653196279,"Viernes"
2978,"441 Bulnes & Peron, Juan Domingo, Tte. General","394 Rawson & Potosi",249,777.1726316006,"Domingo"
2978,"441 Bulnes & Peron, Juan Domingo, Tte. General","394 Rawson & Potosi",250,851.813067775866,"Sábado"
2978,"441 Bulnes & Peron, Juan Domingo, Tte. General","394 Rawson & Potosi",326,1030.90873422981,"Martes"
2978,"441 Bulnes & Peron, Juan Domingo, Tte. General","394 Rawson & Potosi",270,883.357890299521,"Sábado"
2978,"394 Rawson & Potosi","394 Rawson & Potosi",4805,15211.731529979,"Domingo"
2978,"394 Rawson & Potosi","394 Rawson & Potosi",4658,16215.8734997521,"Sábado"
2978,"394 Rawson & Potosi","394 Rawson & Potosi",5261,19392.3018076095,"Domingo"
2978,"394 Rawson & Potosi","394 Rawson & Potosi",5650,19454.9246810978,"Sábado"
2978,"394 Rawson & Potosi","394 Rawson & Potosi",5728,21254.7718539317,"Sábado"
287525,"Delgado & Loreto, Virrey","1785 Espinosa",1249,3790.54787966015,"Lunes"
161717,"Quintino Bocayuva y Don Bosco","1785 Espinosa",1448,5334.88320345059,"Domingo"
492943,"Av. Rivadavia & Del Barco Centenera","1785 Espinosa",844,2647.7156175404,"Sábado"
17678,"Estados Unidos & Lima","Avenida Juan de Garay 1050",324,1182.92725884821,"Viernes"
17678,"3997 TTE. GENERAL JUAN DOMINGO PERON","Avenida Juan de Garay 1050",2201,6539.75304365093,"Miércoles"
147903,"3084 Agrelo","Avenida Juan de Garay 1050",1128,3911.29952855408,"Miércoles"
147903,"1019 Saavedra","Avenida Juan de Garay 1050",1973,7304.2265467931,"Sábado"
17678,"441 Bulnes & Peron, Juan Domingo, Tte. General","Avenida Juan de Garay 1050",1804,5793.97024821697,"Domingo"
17678,"441 Bulnes & Peron, Juan Domingo, Tte. General","Avenida Juan de Garay 1050",5256,21550.0019657193,"Viernes"
17678,"441 Bulnes & Peron, Juan Domingo, Tte. General","Avenida Juan de Garay 1050",1815,7047.73559018698,"Martes"
528274,"Avenida Martin Garcia, 295","Avenida Juan de Garay 1050",666,2207.05884103081,"Viernes"
585533,"201 Luna","Avenida Juan de Garay 1050",847,2601.21235203955,"Lunes"
591953,"Cevallos, Virrey& Yrigoyen, Hipolito Av.","608 Doblas & Valle",1861,5244.53728096689,"Lunes"
591953,"Mexico 1652","608 Doblas & Valle",1578,5809.08133159004,"Viernes"
492943,"Maza y don Bosco","608 Doblas & Valle",1413,4375.97355028265,"Domingo"
591953,"Avelino Diaz&Doblas","608 Doblas & Valle",713,2138.33985704793,"Viernes"
425079,"Zapiola & Dorrego","608 Doblas & Valle",2312,7342.65996951403,"Lunes"
465886,"494 Gainza, Martin De, Gral.","608 Doblas & Valle",2314,7981.57594518012,"Sábado"
163372,"Avenida Rivadavia y Fray Cayetano","Virasoro, Valentin & Figueroa, D Apolinario, Coronel",1212,3675.65139285677,"Martes"
124815,"Virasoro, Valentin & Figueroa, D Apolinario, Coronel","Virasoro, Valentin & Figueroa, D Apolinario, Coronel",797,2578.11395409646,"Miércoles"
181266,"Av. Gaona 2200","494 Gainza, Martin De, Gral.",3647,11032.9909444046,"Domingo"
92007,"3568 Estados Unidos & Boedo Av.","1321 Villarroel & Humboldt CABA",2091,6235.77137958685,"Jueves"
591953,"Mexico 1652","1019 Saavedra",565,1843.03689079469,"Lunes"
121482,"Olleros Av. & Del Libertador Av.","1981 Vidal",755,2207.07501790376,"Lunes"
121482,"1483 Quinteros, Lidoro J. Av.","1981 Vidal",613,2176.90000189889,"Sábado"
121482,"Miguel Sanchez y Av Libertadores","1981 Vidal",1088,3621.80237759733,"Martes"
121482,"Triunvirato Av. & Roosevelt Franklin D. Av.","1981 Vidal",1028,4114.08660740514,"Domingo"
198972,"Triunvirato Av. & Roosevelt Franklin D. Av.","1981 Vidal",1933,5734.59090670125,"Viernes"
204183,"169 Peru & Roca, Julio A., Presidente Diagonal Sur Av.","169 Peru & Roca, Julio A., Presidente Diagonal Sur Av.",307,1265.19414236051,"Viernes"
134870,"Beruti & Ecuador","Aguero & Mansilla, Lucio Norberto, General",3630,13998.0170007523,"Jueves"
168442,"ESMERALDA 516","Aguero & Mansilla, Lucio Norberto, General",1453,5220.46870264846,"Viernes"
168442,"Armenia 2315 & Charcas","Aguero & Mansilla, Lucio Norberto, General",2538,9740.56029149797,"Lunes"
363264,"Cordoba 6599","Aguero & Mansilla, Lucio Norberto, General",2770,10043.7777960227,"Lunes"
251167,"Miller & Monroe","Triunvirato Av. & Roosevelt Franklin D. Av.",873,3410.71670846723,"Lunes"
251167,"Zapiola & Dorrego","Triunvirato Av. & Roosevelt Franklin D. Av.",1397,5744.08416515443,"Martes"
143501,"Zapiola & Dorrego","Triunvirato Av. & Roosevelt Franklin D. Av.",1748,6321.13084306475,"Sábado"
198972,"Moreno & Av Paseo Colon","Triunvirato Av. & Roosevelt Franklin D. Av.",3951,11984.0969741432,"Domingo"
545148,"Triunvirato Av. & Roosevelt Franklin D. Av.","Triunvirato Av. & Roosevelt Franklin D. Av.",1828,7132.33101284908,"Miércoles"
294396,"Triunvirato Av. & Roosevelt Franklin D. Av.","Triunvirato Av. & Roosevelt Franklin D. Av.",1599,6178.0660004258,"Viernes"
444962,"Triunvirato Av. & Roosevelt Franklin D. Av.","Triunvirato Av. & Roosevelt Franklin D. Av.",6379,20724.3851577174,"Miércoles"
211896,"Triunvirato Av. & Roosevelt Franklin D. Av.","Triunvirato Av. & Roosevelt Franklin D. Av.",981,3626.88528497238,"Jueves"
310471,"2001 Donado","Triunvirato Av. & Roosevelt Franklin D. Av.",727,2987.97844592094,"Lunes"
11917,"Parana & Juncal","Cordoba Av. & Montevideo",290,1017.20912155644,"Jueves"
55708,"Cordoba Av. & Montevideo","Cordoba Av. & Montevideo",1293,4644.19907278595,"Lunes"
55708,"Ayacucho 595","Cordoba Av. & Montevideo",350,1067.8858382097,"Lunes"
530895,"Machaca Guemes 350","Avenida Martin Garcia, 295",1926,5574.23594228458,"Viernes"
398778,"Avenida Martin Garcia, 295","Avenida Martin Garcia, 295",1842,6005.92403275659,"Martes"
421055,"300 Almafuerte Av. & Los Patos","300 Almafuerte Av. & Los Patos",9006,37347.6344639106,"Domingo"
278659,"300 Almafuerte Av. & Los Patos","300 Almafuerte Av. & Los Patos",10637,29667.1665687447,"Jueves"
278659,"Fitz Roy & Gorriti","300 Almafuerte Av. & Los Patos",3183,11771.3919725725,"Sábado"
425079,"2908 Salcedo & Dean Funes","300 Almafuerte Av. & Los Patos",2980,9439.61061967356,"Lunes"
92007,"803 José Marmol","Fitz Roy  1092 & Loyola",1472,4924.23189766705,"Sábado"
126255,"Lima 750","Lima 750",627,1948.00998838715,"Jueves"
126255,"Carlos H. Perette 11","Lima 750",1528,5340.3113102411,"Martes"
126255,"Carlos H. Perette 11","Lima 750",1824,5919.80368314932,"Martes"
75041,"Juana De Ibarbourou & Av Patricias Argentinas","80 Larrea",1111,4190.11976196198,"Lunes"
17075,"Salguero, Jeronimo & Mansilla, Lucio Norberto, General","La Pampa 2512 & Ciudad de la Paz",1846,5744.64023561514,"Lunes"
80211,"Miller & Monroe","La Pampa 2512 & Ciudad de la Paz",2097,8674.63594908477,"Lunes"
552177,"Avelino Diaz&Doblas","Avelino Diaz&Doblas",2032,7858.48922596003,"Miércoles"
147903,"Maza y don Bosco","3084 Agrelo",331,1106.9366891946,"Martes"
147903,"Maza y don Bosco","3084 Agrelo",612,2313.46060696524,"Lunes"
147903,"Maza y don Bosco","3084 Agrelo",364,1432.43410702562,"Lunes"
5625,"Maza y don Bosco","3084 Agrelo",703,2400.22405598235,"Lunes"
147903,"3084 Agrelo","3084 Agrelo",2410,7398.45975561831,"Jueves"
147903,"2875 Moreno","3084 Agrelo",1476,4145.41143173119,"Domingo"
147903,"925 Yatay& Humahuaca","3084 Agrelo",1078,3188.46987349874,"Viernes"
147903,"Yerbal 1290","3084 Agrelo",1488,4475.46458675837,"Sábado"
147903,"Dr Tomas Manuel De  Anchorena &  Jose A. Cabrera","3084 Agrelo",823,2583.67579314832,"Martes"
5625,"708 Pasco & Chile","3084 Agrelo",656,2603.27915997865,"Viernes"
5625,"3302 Guardia Vieja & Aguero","3084 Agrelo",722,2531.91158857339,"Lunes"
5625,"3302 Guardia Vieja & Aguero","3084 Agrelo",885,2500.40405270314,"Domingo"
5625,"3302 Guardia Vieja & Aguero","3084 Agrelo",1365,4165.04589487158,"Sábado"
147903,"Brasil & Pichincha","3084 Agrelo",756,2449.04803773388,"Sábado"
147903,"3024 Calvo, Carlos","3084 Agrelo",2350,7568.02452007024,"Miércoles"
147903,"Ayacucho 595","3084 Agrelo",1137,4614.47380278648,"Lunes"
5625,"Sarandi 1010","3084 Agrelo",789,2653.32994463776,"Jueves"
5625,"Sarandi 1010","3084 Agrelo",599,2143.20801755853,"Miércoles"
5625,"Sarandi 1010","3084 Agrelo",794,2528.21714735603,"Viernes"
5625,"Sarandi 1010","3084 Agrelo",915,3622.43342066843,"Miércoles"
5625,"Sarandi 1010","3084 Agrelo",750,2675.183142613,"Viernes"
598216,"Armenia 2315 & Charcas","Triunvirato Av. & Tronador",1701,4874.96773265011,"Martes"
598216,"Armenia 2315 & Charcas","Triunvirato Av. & Tronador",2610,10279.8084793903,"Martes"
251167,"Av. Gaona 2200","Triunvirato Av. & Tronador",1266,4938.6779380807,"Jueves"
598216,"Armenia 1525 y Gorriti","Triunvirato Av. & Tronador",1997,6160.16403617137,"Jueves"
294396,"Triunvirato Av. & Roosevelt Franklin D. Av.","Triunvirato Av. & Tronador",1021,2899.44022272604,"Viernes"
173818,"Bruno Giordano&Neuquen","Bruno Giordano&Neuquen",1264,5262.8066267663,"Miércoles"
173818,"Bruno Giordano&Neuquen","Bruno Giordano&Neuquen",1673,5563.70910758625,"Viernes"
173818,"Bruno Giordano&Neuquen","Bruno Giordano&Neuquen",2314,7738.17846744852,"Martes"
173818,"Bruno Giordano&Neuquen","Bruno Giordano&Neuquen",2679,7533.47298268345,"Martes"
173818,"Bruno Giordano&Neuquen","Bruno Giordano&Neuquen",4186,13072.9217228163,"Jueves"
173818,"Bruno Giordano&Neuquen","Bruno Giordano&Neuquen",1801,5251.63919641087,"Miércoles"
465886,"Av. Patricias Argentinas & Estivao","1019 Riglos",1117,4055.45988611767,"Miércoles"
465886,"Yerbal 1290","1019 Riglos",730,3022.3537643453,"Viernes"
465886,"Yerbal 1290","1019 Riglos",673,2019.49982287737,"Viernes"
465886,"Yerbal 1290","1019 Riglos",1326,4169.00940191505,"Lunes"
465886,"Yerbal 1290","1019 Riglos",711,2599.64394142735,"Jueves"
465886,"Yerbal 1290","1019 Riglos",785,2603.63147654668,"Miércoles"
465886,"Yerbal 1290","1019 Riglos",1015,3836.16935590463,"Sábado"
465886,"1019 Riglos","1019 Riglos",5965,21688.2610168363,"Sábado"
465886,"141 Jose Maria Moreno","1019 Riglos",401,1536.29462520799,"Lunes"
139050,"Godoy Cruz  3279 y Libertador","1483 Quinteros, Lidoro J. Av.",1934,6873.22282910657,"Viernes"
268346,"1483 Quinteros, Lidoro J. Av.","1483 Quinteros, Lidoro J. Av.",3227,12430.2762355206,"Domingo"
376217,"2292 Montañeses","Miller & Monroe",1050,3647.77509739118,"Jueves"
449847,"Miller & Monroe","Miller & Monroe",1985,6884.08909981728,"Sábado"
449847,"Miller & Monroe","Miller & Monroe",2157,7259.09189544715,"Domingo"
542937,"Zapiola & Dorrego","Miller & Monroe",1534,5543.75889664387,"Sábado"
237411,"Triunvirato Av. & Roosevelt Franklin D. Av.","Miller & Monroe",4884,14227.0709076392,"Viernes"
425079,"300 Almafuerte Av. & Los Patos","Brasil & Pichincha",5654,19096.0630859274,"Domingo"
75041,"137 Aranguren, Juan F., Dr. & Portugal","137 Aranguren, Juan F., Dr. & Portugal",708,2824.17506931427,"Miércoles"
75041,"Peña & Azcuenaga","137 Aranguren, Juan F., Dr. & Portugal",1586,5291.07777101195,"Martes"
75041,"Pres. José Evaristo Uriburu 987","137 Aranguren, Juan F., Dr. & Portugal",2290,9119.26458460059,"Miércoles"
42521,"3912 Humahuaca","Cordoba 6599",1357,4839.67398172115,"Domingo"
42521,"1355 San Martin Av.","Cordoba 6599",1599,5674.40935891645,"Sábado"
214513,"2292 Montañeses","Miguel Sanchez y Av Libertadores",720,2759.22907935455,"Jueves"
212134,"GARCIA DEL RIO & PINTO","Miguel Sanchez y Av Libertadores",755,2111.45042812374,"Martes"
212134,"GARCIA DEL RIO & PINTO","Miguel Sanchez y Av Libertadores",686,2312.87195275913,"Domingo"
212134,"2700 Pedraza, Manuela","Miguel Sanchez y Av Libertadores",589,2183.48089844836,"Sábado"
212134,"2700 Pedraza, Manuela","Miguel Sanchez y Av Libertadores",815,2617.99403442354,"Domingo"
5216,"2700 Pedraza, Manuela","Miguel Sanchez y Av Libertadores",1475,5238.25694463287,"Martes"
212134,"2700 Pedraza, Manuela","Miguel Sanchez y Av Libertadores",669,2291.79811884145,"Lunes"
509684,"Delgado & Loreto, Virrey","Miguel Sanchez y Av Libertadores",12120,46201.5821524352,"Domingo"
169650,"Miguel Sanchez y Av Libertadores","Miguel Sanchez y Av Libertadores",970,2817.07211978695,"Lunes"
453696,"Miguel Sanchez y Av Libertadores","Miguel Sanchez y Av Libertadores",4773,17912.5267801088,"Lunes"
554052,"Miguel Sanchez y Av Libertadores","Miguel Sanchez y Av Libertadores",2863,10037.73882242,"Sábado"
169650,"Miguel Sanchez y Av Libertadores","Miguel Sanchez y Av Libertadores",1204,4950.47741317733,"Sábado"
249082,"Sucre, Antonio Jose De, Mcal. Y Vertiz Virrey Av.","Miguel Sanchez y Av Libertadores",685,2080.9346702008,"Miércoles"
249082,"Sucre, Antonio Jose De, Mcal. Y Vertiz Virrey Av.","Miguel Sanchez y Av Libertadores",614,1942.91828290184,"Lunes"
249082,"Sucre, Antonio Jose De, Mcal. Y Vertiz Virrey Av.","Miguel Sanchez y Av Libertadores",675,2570.59301460686,"Miércoles"
385446,"Cevallos, Virrey& Yrigoyen, Hipolito Av.","Avenida Martin Garcia y Ruy Díaz de Guzmán",1187,4622.43674814494,"Martes"
256717,"153 Perdriel","Avenida Martin Garcia y Ruy Díaz de Guzmán",1085,3978.24048118653,"Sábado"
432552,"California y General Hornos","Avenida Martin Garcia y Ruy Díaz de Guzmán",1115,4349.03416883511,"Domingo"
432552,"California y General Hornos","Avenida Martin Garcia y Ruy Díaz de Guzmán",870,3137.47900253899,"Sábado"
528274,"383 Blanes, Juan Manuel","Avenida Martin Garcia y Ruy Díaz de Guzmán",751,3042.37021920207,"Martes"
389205,"1619 Brandsen","Avenida Martin Garcia y Ruy Díaz de Guzmán",4154,14924.6613780522,"Martes"
528274,"2875 Moreno","Avenida Martin Garcia y Ruy Díaz de Guzmán",1918,6519.76435167404,"Lunes"
528274,"750 Pi Y Margall & Necochea","Avenida Martin Garcia y Ruy Díaz de Guzmán",396,1126.8064058153,"Miércoles"
385446,"México & Lima","Avenida Martin Garcia y Ruy Díaz de Guzmán",944,3683.03312246377,"Miércoles"
147903,"BRASIL&DEFENSA","Avenida Martin Garcia y Ruy Díaz de Guzmán",1070,4169.32323859591,"Jueves"
542937,"Miller & Monroe","Av. Guzman 1100 & Av. Corrientes",1971,6162.34506925684,"Sábado"
175017,"Santa Fe Av. & Bullrich, Int. Av.","Arcos & Roosevelt Franklin D.",1633,4777.52051056401,"Lunes"
220485,"Miller & Monroe","Arcos & Roosevelt Franklin D.",3519,14540.5766027106,"Miércoles"
600071,"J.Ramirez de Velasco 285","Arcos & Roosevelt Franklin D.",3913,11734.3099364788,"Viernes"
300143,"Figueroa Alcorta, Pres. Av. & Dorrego Av.","Arcos & Roosevelt Franklin D.",2947,10773.4391775771,"Lunes"
524809,"o´higins 1327","Arcos & Roosevelt Franklin D.",802,3290.57803893229,"Martes"
175017,"Sucre, Antonio Jose De, Mcal. Y Vertiz Virrey Av.","Arcos & Roosevelt Franklin D.",1879,6127.38993456749,"Domingo"
147903,"1226 Ecuador & Mansilla, Lucio Norberto, General","Pedro Echague 1878 & Combate De Los Pozos",1924,5881.68448690429,"Domingo"
147903,"Cevallos, Virrey& Yrigoyen, Hipolito Av.","Pedro Echague 1878 & Combate De Los Pozos",1111,4174.6853101022,"Sábado"
147903,"Mexico 1652","Pedro Echague 1878 & Combate De Los Pozos",575,1639.24321102968,"Lunes"
147903,"Mexico 1652","Pedro Echague 1878 & Combate De Los Pozos",2541,9216.21909419191,"Viernes"
147903,"Maza y don Bosco","Pedro Echague 1878 & Combate De Los Pozos",1089,3902.22179661505,"Miércoles"
147903,"3084 Agrelo","Pedro Echague 1878 & Combate De Los Pozos",970,3906.41974353477,"Domingo"
147903,"3084 Agrelo","Pedro Echague 1878 & Combate De Los Pozos",913,3379.37240009164,"Martes"
147903,"Pedro Echague 1878 & Combate De Los Pozos","Pedro Echague 1878 & Combate De Los Pozos",2409,8292.0356080392,"Martes"
106429,"1619 Brandsen","Vera Peñaloza, Rosario 599 & Lanteri Julieta",2155,8356.42686262145,"Miércoles"
398778,"Vera Peñaloza, Rosario 599 & Lanteri Julieta","Vera Peñaloza, Rosario 599 & Lanteri Julieta",4546,16848.5349740038,"Domingo"
5771,"Cerrito 990 y Av. Marcelo T. De Alvear","Balcarce & Yrigoyen, Hipolito Av.",896,2694.5113858415,"Martes"
477524,"BRASIL&DEFENSA","Balcarce & Yrigoyen, Hipolito Av.",747,2292.74100949988,"Sábado"
528274,"Mexico 1652","383 Blanes, Juan Manuel",1277,5075.38757318139,"Sábado"
528274,"California y General Hornos","383 Blanes, Juan Manuel",1011,3934.45557841527,"Lunes"
528274,"1619 Brandsen","383 Blanes, Juan Manuel",775,2939.491705741,"Viernes"
528274,"Avenida Martin Garcia y Ruy Díaz de Guzmán","383 Blanes, Juan Manuel",1463,4404.25955090905,"Martes"
528274,"Avenida Martin Garcia y Ruy Díaz de Guzmán","383 Blanes, Juan Manuel",488,1543.38738113487,"Jueves"
528274,"750 Pi Y Margall & Necochea","383 Blanes, Juan Manuel",559,2327.83751980201,"Jueves"
528274,"750 Pi Y Margall & Necochea","383 Blanes, Juan Manuel",1477,5766.05806502695,"Martes"
528274,"750 Pi Y Margall & Necochea","383 Blanes, Juan Manuel",1855,7471.07612502845,"Lunes"
198972,"Moreno & Av Paseo Colon","383 Blanes, Juan Manuel",1136,3302.19161492358,"Domingo"
528274,"Olavarría 811","383 Blanes, Juan Manuel",345,1208.97452276161,"Martes"
528274,"Olavarría 811","383 Blanes, Juan Manuel",379,1348.40463517176,"Lunes"
528274,"Olavarría 811","383 Blanes, Juan Manuel",370,1083.28764871112,"Miércoles"
528274,"Olavarría 811","383 Blanes, Juan Manuel",573,2012.16758228935,"Viernes"
528274,"Olavarría 811","383 Blanes, Juan Manuel",307,1145.82745066986,"Sábado"
385446,"150 Dellepiane Y Pedro de Mendoza","383 Blanes, Juan Manuel",479,1663.89029544694,"Miércoles"
528274,"Balcarce & Yrigoyen, Hipolito Av.","383 Blanes, Juan Manuel",575,1947.14503807417,"Sábado"
528274,"67 San Martin","383 Blanes, Juan Manuel",849,3050.26028301121,"Viernes"
287525,"Andres Lamas&Remedios Escalada de San Martin","1701 Fernandez Moreno, Baldomero",965,3852.73694057347,"Sábado"
163372,"Av. Gaona 2200","1701 Fernandez Moreno, Baldomero",767,2344.95112934512,"Viernes"
163372,"Avenida Rivadavia y Fray Cayetano","1701 Fernandez Moreno, Baldomero",1016,3091.44558541528,"Martes"
347517,"1019 Riglos","1701 Fernandez Moreno, Baldomero",2272,7389.97351462021,"Lunes"
10338,"Av. Pres. Figueroa Alcorta 2120","367 Sanchez De Thompson, Mariquita",1054,3523.6347340112,"Lunes"
256071,"Vera Peñaloza, Rosario 599 & Lanteri Julieta","367 Sanchez De Thompson, Mariquita",4381,12579.0460557586,"Domingo"
563258,"367 Sanchez De Thompson, Mariquita","367 Sanchez De Thompson, Mariquita",3044,11679.0984959458,"Lunes"
256071,"367 Sanchez De Thompson, Mariquita","367 Sanchez De Thompson, Mariquita",868,3484.68530427587,"Domingo"
5216,"GARCIA DEL RIO & PINTO","GARCIA DEL RIO & PINTO",3186,9045.18853708869,"Miércoles"
212134,"GARCIA DEL RIO & PINTO","GARCIA DEL RIO & PINTO",626,2043.89938573198,"Sábado"
382869,"GARCIA DEL RIO & PINTO","GARCIA DEL RIO & PINTO",1369,5653.00823547554,"Lunes"
223012,"Miller & Monroe","GARCIA DEL RIO & PINTO",1368,5138.74775809236,"Viernes"
142421,"Miller & Monroe","GARCIA DEL RIO & PINTO",1659,5091.87692503425,"Viernes"
5216,"2700 Pedraza, Manuela","GARCIA DEL RIO & PINTO",1501,5103.7389761778,"Lunes"
5216,"2700 Pedraza, Manuela","GARCIA DEL RIO & PINTO",2021,6355.91508547724,"Viernes"
5216,"2700 Pedraza, Manuela","GARCIA DEL RIO & PINTO",2879,10248.9266460519,"Martes"
5216,"2700 Pedraza, Manuela","GARCIA DEL RIO & PINTO",1971,6275.40570248966,"Martes"
4194,"1483 Quinteros, Lidoro J. Av.","GARCIA DEL RIO & PINTO",1029,3786.21804706248,"Jueves"
121482,"1399 Moldes","GARCIA DEL RIO & PINTO",927,2901.86089055787,"Viernes"
142421,"2001 Donado","GARCIA DEL RIO & PINTO",1213,4243.05619907229,"Jueves"
142421,"Sucre, Antonio Jose De, Mcal. Y Vertiz Virrey Av.","GARCIA DEL RIO & PINTO",1235,4628.70276107505,"Domingo"
525952,"Costa Rica & Armenia","GARCIA DEL RIO & PINTO",3001,11418.5072441475,"Domingo"
200434,"Godoy Cruz  3279 y Libertador","2700 Pedraza, Manuela",1644,6137.65468896211,"Lunes"
5216,"GARCIA DEL RIO & PINTO","2700 Pedraza, Manuela",961,3461.75946019131,"Lunes"
198972,"Figueroa Alcorta, Pres. Av. & Dorrego Av.","2700 Pedraza, Manuela",1696,6891.79231018449,"Miércoles"
317330,"1483 Quinteros, Lidoro J. Av.","2700 Pedraza, Manuela",1345,4416.72198670535,"Jueves"
212134,"Miguel Sanchez y Av Libertadores","2700 Pedraza, Manuela",582,1894.15361355253,"Domingo"
332378,"Amenabar y Mendoza","2700 Pedraza, Manuela",600,2145.96703881398,"Sábado"
368835,"2519 Superi","2519 Superi",7550,23752.9832369506,"Domingo"
376217,"Miller & Monroe","2292 Montañeses",1233,4573.46146559285,"Jueves"
591953,"Mexico 1652","Villaflor, Azucena & Paine, Aime",2439,9503.28658685612,"Miércoles"
591953,"Mexico 1652","Villaflor, Azucena & Paine, Aime",1054,4357.31174747149,"Miércoles"
5625,"Moreno & Av Paseo Colon","Villaflor, Azucena & Paine, Aime",1729,5712.23696116002,"Domingo"
574963,"Moreno & Av Paseo Colon","Villaflor, Azucena & Dealessi, Pierina",2759,8129.71811579288,"Domingo"
17678,"Villaflor, Azucena & Paine, Aime","Villaflor, Azucena & Dealessi, Pierina",322,960.842382647226,"Miércoles"
389205,"Av. España 2200","Villaflor, Azucena & Dealessi, Pierina",1439,4889.42027550236,"Sábado"
175017,"Olleros Av. & Del Libertador Av.","2786 Montañeses",1781,5093.71362166065,"Martes"
499013,"684 Boulogne Sur Mer & Tucuman","2786 Montañeses",2748,10351.5764334317,"Martes"
162730,"3822 Guemes","2786 Montañeses",1520,5164.4278083307,"Martes"
230734,"2786 Montañeses","2786 Montañeses",18369,70501.4459554717,"Martes"
426833,"Manso Juana & De La Barra, Emma","Manso Juana & De La Barra, Emma",1949,7665.52533146783,"Domingo"
406718,"Madero, Eduardo Av. & Peron, Juan Domingo, Tte. General","Manso Juana & De La Barra, Emma",1481,4448.81043321026,"Sábado"
10338,"Vera Peñaloza, Rosario 599 & Lanteri Julieta","Manso Juana & De La Barra, Emma",1708,5031.46962801693,"Viernes"
256071,"367 Sanchez De Thompson, Mariquita","Manso Juana & De La Barra, Emma",2665,8321.60748880091,"Sábado"
13516,"367 Sanchez De Thompson, Mariquita","Manso Juana & De La Barra, Emma",1477,5254.90916931336,"Sábado"
349857,"Madero, Eduardo Av. & Peron, Juan Domingo, Tte. General","Estados Unidos 21",561,2258.31790743299,"Domingo"
507735,"1540 Garcia, Juan Agustin","Andres Lamas&Remedios Escalada de San Martin",505,1754.42216280499,"Sábado"
147903,"3084 Agrelo","Iguazu & Uspallata",1138,3588.10339320011,"Sábado"
147903,"3084 Agrelo","Iguazu & Uspallata",1080,3480.11194809806,"Lunes"
60952,"201 Luna","Iguazu & Uspallata",5551,19628.9113861881,"Lunes"
5771,"Olleros Av. & Del Libertador Av.","1399 Moldes",1208,4305.75645319445,"Sábado"
121482,"Av. Patricias Argentinas & Estivao","1399 Moldes",1402,5450.2784794093,"Viernes"
470972,"2700 Pedraza, Manuela","1399 Moldes",1339,4701.60819098043,"Martes"
121482,"Juana De Ibarbourou & Av Patricias Argentinas","1399 Moldes",1560,5335.05728006518,"Viernes"
168442,"Ayacucho 595","67 San Martin",1298,4928.19560652521,"Lunes"
232196,"Tucuman & 9 De Julio Av.","67 San Martin",304,867.812924645841,"Martes"
200434,"Della Paolera 297, Carlos M. & Av. Leandro N. Alem","67 San Martin",577,1814.16820375824,"Miércoles"
430972,"Suipacha & Viamonte, 709","Adolfo Alsina& Bernardo De Irigoyen",636,2235.65294624229,"Viernes"
25958,"383 Blanes, Juan Manuel","Adolfo Alsina& Bernardo De Irigoyen",1115,3552.53331643568,"Jueves"
204183,"Av. Rivadavia & Del Barco Centenera","Adolfo Alsina& Bernardo De Irigoyen",1313,4486.64736667771,"Viernes"
204183,"Av. Rivadavia & Del Barco Centenera","Adolfo Alsina& Bernardo De Irigoyen",1319,3917.44420705428,"Miércoles"
204183,"Av. Rivadavia & Del Barco Centenera","Adolfo Alsina& Bernardo De Irigoyen",1375,4440.69006181154,"Lunes"
204183,"Av. Rivadavia & Del Barco Centenera","Adolfo Alsina& Bernardo De Irigoyen",1441,4557.14792959528,"Miércoles"
499013,"3302 Guardia Vieja & Aguero","Argerich & Flores, Venancio, Gral.",3290,10281.9326344502,"Jueves"
507735,"Andres Lamas&Remedios Escalada de San Martin","4083 Vallese, Felipe",1296,4950.52570458502,"Lunes"
507735,"4083 Vallese, Felipe","4083 Vallese, Felipe",2655,9397.7309527836,"Viernes"
507735,"Triunvirato Av. & Tronador","4083 Vallese, Felipe",1920,6583.51487728457,"Sábado"
223685,"1701 Fernandez Moreno, Baldomero","4083 Vallese, Felipe",1752,5427.73724303891,"Lunes"
507735,"1540 Garcia, Juan Agustin","4083 Vallese, Felipe",1261,4350.70702663021,"Lunes"
507735,"1540 Garcia, Juan Agustin","4083 Vallese, Felipe",1350,4785.13567315531,"Domingo"
507735,"1540 Garcia, Juan Agustin","4083 Vallese, Felipe",1237,3556.51397246402,"Domingo"
507735,"1540 Garcia, Juan Agustin","4083 Vallese, Felipe",1043,3935.37679090708,"Miércoles"
10594,"300 Almafuerte Av. & Los Patos","3817 Traful",545,2015.44593078951,"Lunes"
530895,"300 Almafuerte Av. & Los Patos","3817 Traful",1817,7555.27804088035,"Martes"
530895,"Iguazu & Uspallata","3817 Traful",958,2872.34345830964,"Sábado"
17678,"Moreno & Av Paseo Colon","Idependencia y Bernardo de Irigoyen",1716,6547.63479866087,"Miércoles"
25958,"1590 Lavalle","750 Pi Y Margall & Necochea",1689,6802.05927995654,"Martes"
528274,"383 Blanes, Juan Manuel","750 Pi Y Margall & Necochea",1046,3410.42429400453,"Viernes"
385446,"Reconquista & Corrientes Av.","750 Pi Y Margall & Necochea",1150,4242.03391621834,"Lunes"
528274,"750 Pi Y Margall & Necochea","750 Pi Y Margall & Necochea",731,2283.01864711296,"Martes"
528274,"750 Pi Y Margall & Necochea","750 Pi Y Margall & Necochea",498,2020.51130127317,"Miércoles"
385446,"750 Pi Y Margall & Necochea","750 Pi Y Margall & Necochea",3920,11615.5116023599,"Domingo"
385446,"Moreno & Av Paseo Colon","750 Pi Y Margall & Necochea",667,2143.4072222234,"Miércoles"
528274,"Olavarría 811","750 Pi Y Margall & Necochea",447,1485.81829596563,"Viernes"
385446,"Vera Peñaloza, Rosario 599 & Lanteri Julieta","750 Pi Y Margall & Necochea",707,2684.07638816732,"Sábado"
385446,"Balcarce & Yrigoyen, Hipolito Av.","750 Pi Y Margall & Necochea",922,2626.66392177473,"Martes"
190823,"1798 Matienzo, Benjamin, Teniente","2519 Conesa",1812,5828.4012740866,"Sábado"
106448,"2185 Ravignani, Emilio, Dr. & Guatemala","2519 Conesa",1295,4049.22332181822,"Sábado"
121482,"Olleros Av. & Del Libertador Av.","2519 Conesa",1727,6635.88033289513,"Jueves"
135190,"Tronador y Garcia del Rio","2519 Conesa",572,2134.87775806053,"Lunes"
106429,"Cevallos, Virrey& Yrigoyen, Hipolito Av.","1619 Brandsen",1399,5636.79093492489,"Lunes"
591953,"Mexico 1652","1619 Brandsen",1222,5054.75076809978,"Lunes"
106429,"Mexico 1652","1619 Brandsen",828,2913.55021600612,"Sábado"
528274,"383 Blanes, Juan Manuel","1619 Brandsen",857,2540.37382469817,"Sábado"
528274,"383 Blanes, Juan Manuel","1619 Brandsen",1466,5357.51265806159,"Viernes"
106429,"1619 Brandsen","1619 Brandsen",20436,73505.8429069468,"Jueves"
106429,"1619 Brandsen","1619 Brandsen",605,1711.13289629607,"Lunes"
106429,"CARLOS PELEGRINI 215","1619 Brandsen",1062,4232.6466154831,"Miércoles"
591953,"Peru  1016","1619 Brandsen",827,3042.77087903109,"Sábado"
106429,"BRASIL&DEFENSA","1619 Brandsen",786,2380.00850782652,"Viernes"
83670,"902 Esmeralda","1619 Brandsen",1861,7127.68174331351,"Domingo"
106429,"Villaflor, Azucena & Paine, Aime","1619 Brandsen",1388,4585.54115887705,"Miércoles"
106429,"California y General Hornos","California y General Hornos",282,1007.59635348416,"Lunes"
432552,"California y General Hornos","California y General Hornos",1900,5846.98526030277,"Lunes"
528274,"383 Blanes, Juan Manuel","California y General Hornos",1624,4848.13239359452,"Lunes"
432552,"1619 Brandsen","California y General Hornos",1799,7454.04923953692,"Miércoles"
432552,"Avenida Martin Garcia y Ruy Díaz de Guzmán","California y General Hornos",832,2631.96710935897,"Domingo"
432552,"Avenida Martin Garcia y Ruy Díaz de Guzmán","California y General Hornos",641,1984.06251374367,"Sábado"
11917,"Cerrito & Arenales","Esmeralda y Av.Rivadvia",704,2533.09806082398,"Lunes"
25958,"Libertad & lavalle","150 Dellepiane Y Pedro de Mendoza",1617,5514.05965354449,"Jueves"
163372,"Avenida Rivadavia y Fray Cayetano","Culpina 121",670,2665.38195732735,"Domingo"
603066,"1019 Riglos","Culpina 121",1435,4255.94749938076,"Miércoles"
585533,"Avenida Juan de Garay 1050","201 Luna",787,2372.17792511898,"Sábado"
585533,"Avenida Juan de Garay 1050","201 Luna",953,3168.70182549659,"Jueves"
585533,"Avenida Juan de Garay 1050","201 Luna",772,2148.47856136168,"Martes"
585533,"3817 Traful","201 Luna",944,2910.48298451739,"Jueves"
528274,"383 Blanes, Juan Manuel","Olavarría 811",1195,3963.21935922283,"Viernes"
528274,"383 Blanes, Juan Manuel","Olavarría 811",1522,4744.01481244454,"Miércoles"
528274,"750 Pi Y Margall & Necochea","Olavarría 811",510,1695.25749173287,"Martes"
528274,"750 Pi Y Margall & Necochea","Olavarría 811",1443,4641.25372981944,"Lunes"
528274,"750 Pi Y Margall & Necochea","Olavarría 811",948,3484.13478837271,"Miércoles"
528274,"750 Pi Y Margall & Necochea","Olavarría 811",1713,6935.24205331826,"Viernes"
528274,"750 Pi Y Margall & Necochea","Olavarría 811",2107,7661.753575195,"Sábado"
528274,"750 Pi Y Margall & Necochea","Olavarría 811",476,1617.5539265529,"Lunes"
528274,"750 Pi Y Margall & Necochea","Olavarría 811",1226,3599.26447827666,"Martes"
528274,"750 Pi Y Margall & Necochea","Olavarría 811",1279,4802.26371312391,"Viernes"
198972,"Lavalle & Acuña De Figueroa, Francisco","Olavarría 811",3989,16561.8737732827,"Domingo"
